"","X","ID","Strain.x","ident","Age","Weight.x","Clutch","shh_R2_spot","shh_M1_spot","shh_M2_spot","cap_transition","M1_spot_split_LR","shboob","Total_state","stateord","Symmetry","groupwt","nid.x","Age.dpc.","Date","Strain.y","Weight.y","Litter","Weekday","indata","age","poids","portee","agerel","poidscor","agecor","agepreditsanscor","poidscor2","agecor2","dev01","dev.inf","dev.sup","sd","dev05","dev15","nid.y"
"1",184,"shh_14.0_23_142_DAA","DUHi",51,14,142,"DAA",2,0,0,0,0,1,"2_0_0_1","143_2_0_0_1","-",143,"142DAA",14,"5/12/2014","DUHi",142,"DAA",2,TRUE,14,4.95582705760126,"DAA",-1,5.03434100633297,14.193578847444,14.0470176788773,4.98958805555589,14.1100389813609,14.0793815929663,13.7142015872632,14.4215006844717,"001",14.0577268780823,14.1692983489622,"142DAA"
"2",186,"shh_14.0_24_177_DAA","DUHi",52,14,177,"DAA",2,0,0,0,0,1,"2_0_0_1","143_2_0_0_1","y",143,"177DAA",14,"5/12/2014","DUHi",177,"DAA",2,TRUE,14,5.17614973257383,"DAA",-1,5.25466368130553,14.604852885081,14.4582917165143,5.20991073052846,14.521313018998,14.4889135054155,14.130846176146,14.8289776267146,"001",14.4678446346214,14.5793259771535,"177DAA"
"3",47,"shh_14.0_25_122_DAA","DUHi",47,14,122,"DAA",0,0,0,0,0,0,"0_0_0_0","097_0_0_0_0","y",97,"122DAA",14,"5/12/2014","DUHi",122,"DAA",2,TRUE,14,4.80402104473326,"DAA",-1,4.88253499346496,13.9102041477786,13.763642979212,4.83778204268789,13.8266642816956,13.7977623703468,13.4210250653647,14.1459376212314,"001",13.7751358267386,13.8872181045446,"122DAA"
"4",180,"shh_14.0_27_79_DAA","DUHi",46,14,79,"DAA",0,0,0,0,0,0,"0_0_0_0","097_0_0_0_0","-",97,"79DAA",14,"5/12/2014","DUHi",79,"DAA",2,TRUE,14,4.36944785246702,"DAA",-1,4.44796180119873,13.0989909058623,12.9524297372956,4.40320885042165,13.0154510397793,12.991163614211,12.5734426912471,13.3725491485078,"001",12.9652048288363,13.0783312128665,"79DAA"
"5",116,"shh_15.0_14_203_DAB","DUHi",146,15,203,"DAB",0,1,0,1,0,1,"0_1_1_1","211_0_1_1_1","-",211,"203DAB",15,"10/30/2014","DUHi",203,"DAB",5,TRUE,15,5.31320597904179,"DAB",0,5.47170026572562,15.0099928117841,14.7141331811992,5.38135852231584,14.8413528223507,14.7763115013292,14.4165767510496,15.1313013632013,"001",14.7309580566958,14.9674254661204,"203DAB"
"6",148,"shh_15.5_17_353_DAC","DUHi",190,15.5,353,"DAC",0,2,0,2,1,1,"0_2_2_1","331_0_2_2_1","-",331,"353DAC",15.5,"4/29/2015","DUHi",353,"DAC",4,TRUE,15.5,5.8664680569333,"DAC",0.5,5.74975231529794,15.5290296704057,15.7469017270343,5.81628028803009,15.653216742684,15.6900466565942,15.3415073871012,16.0529991765598,"001",15.732596322811,15.5578033948594,"353DAC"
"7",155,"shh_15.5_18_361_DAC","DUHi",191,15.5,361,"DAC",0,2,0,2,1,1,"0_2_2_1","331_0_2_2_1","-",331,"361DAC",15.5,"4/29/2015","DUHi",361,"DAC",4,TRUE,15.5,5.88887795833288,"DAC",0.5,5.77216221669752,15.5708619994331,15.7887340560617,5.83869018942968,15.6950490717114,15.7318338522645,15.381618597206,16.0960265680882,"001",15.7744319104707,15.5992858555177,"361DAC"
"8",50,"shh_14.5_21_186_DAD","DUHi",93,14.5,186,"DAD",1,0,0,0,0,1,"1_0_0_1","168_1_0_0_1","Y",168,"186DAD",14.5,"4/30/2015","DUHi",186,"DAD",5,TRUE,14.5,5.2257466737132,"DAD",-0.5,5.09811990598096,14.3126342536909,14.550873808845,5.17086716358834,14.4484308001287,14.4978615407042,14.1473982107848,14.8562062136095,"001",14.5385079936716,14.3489451824991,"186DAD"
"9",93,"shh_14.5_23_217_DAD","DUHi",95,14.5,217,"DAD",1,1,0,1,0,1,"1_1_1_1","216_1_1_1_1","Y",216,"217DAD",14.5,"4/30/2015","DUHi",217,"DAD",5,TRUE,14.5,5.37989735354046,"DAD",-0.5,5.25227058580822,14.6003857186954,14.8386252738494,5.3250178434156,14.7361822651332,14.7835050799363,14.4392235896955,15.1432606934111,"001",14.8261108476196,14.6357079044334,"217DAD"
"10",106,"shh_14.5_25_236_DAF","DUHi",108,14.5,236,"DAF",0,1,0,1,0,1,"0_1_1_1","211_0_1_1_1","-",211,"236DAF",14.5,"10/29/2015","DUHi",236,"DAF",5,TRUE,14.5,5.46383180502561,"DAF",-0.5,5.27497890273274,14.6427750968683,14.9953048383266,5.38262505703967,14.8437170494996,14.9143643143192,14.5757800932269,15.2761576017109,"001",14.9747378641594,14.6856381006898,"236DAF"
"11",74,"shh_14.5_28_223_DAF","DUHi",102,14.5,223,"DAF",0,1,0,1,0,1,"0_1_1_1","211_0_1_1_1","-",211,"223DAF",14.5,"10/29/2015","DUHi",223,"DAF",5,TRUE,14.5,5.40717177146012,"DAF",-0.5,5.21831886916724,14.5370084036307,14.8895381450889,5.32596502347418,14.7379503562619,14.8091995161458,14.4706155858533,15.1711061688019,"001",14.8696105041857,14.5803144251259,"223DAF"
"12",147,"shh_14.5_29_230_DAF","DUHi",105,14.5,230,"DAF",0,1,0,1,0,1,"0_1_1_1","211_0_1_1_1","-",211,"230DAF",14.5,"10/29/2015","DUHi",230,"DAF",5,TRUE,14.5,5.4380793089232,"DAF",-0.5,5.24922640663032,14.5947031811992,14.9472329226575,5.35687256093726,14.7956451338304,14.8665858032569,14.5276827603378,15.2282160046016,"001",14.9271272752087,14.6376765218945,"230DAF"
"13",48,"shh_13.5_01_101-104_B","DUHi",13,13.5,102.5,"DB",0,0,0,0,0,0,"0_0_0_0","097_0_0_0_0","y",97,"102.5DB",13.5,"1/20/2014","DUHi",102,"DB",2,FALSE,13.5,4.62497281328427,"DB",-1.5,4.43624417213138,13.0771177299913,13.4294155144766,4.54381949758853,13.2779274671479,13.3538776821549,12.972381581851,13.7369182476042,"001",13.4115477809194,13.1245620665583,"102DB"
"14",69,"shh_13.5_02_154-165_B","DUHi",25,13.5,160,"DB",1,0,0,0,0,1,"1_0_0_1","168_1_0_0_1","-",168,"160DB",13.5,"1/20/2014","DUHi",154,"DB",2,FALSE,13.5,5.03695260241363,"DB",-1.5,4.84822396126074,13.8461561021025,14.1984538865878,4.95579928671788,14.0469658392591,14.1193588684497,13.7649873374162,14.4762262512114,"001",14.1792510692112,13.8915426658952,"154DB"
"15",66,"shh_13.5_03_123-130_B","DUHi",19,13.5,126.5,"DB",2,0,0,0,0,0,"2_0_0_0","120_2_0_0_0","-",120,"126.5DB",13.5,"1/20/2014","DUHi",124,"DB",2,FALSE,13.5,4.82028156560504,"DB",-1.5,4.63155292445214,13.4416985393102,13.7939963237955,4.73912824990929,13.6425082764669,13.7168221896737,13.3520798543187,14.0846827588015,"001",13.7755034146386,13.4879196272938,"124DB"
"16",109,"shh_13.5_04_111-117_B","DUHi",16,13.5,114,"DB",2,0,0,0,0,0,"2_0_0_0","120_2_0_0_0","-",120,"114DB",13.5,"1/20/2014","DUHi",115,"DB",2,FALSE,13.5,4.74493212836325,"DB",-1.5,4.55620348721036,13.3010445313105,13.6533423157958,4.66377881266751,13.5018542684671,13.576417462989,13.2061711258785,13.948018697004,"001",13.6348937231516,13.3477130797411,"115DB"
"17",88,"shh_13.5_17_154-165_DB","DUHi",26,13.5,159.5,"DB",1,0,0,0,0,1,"1_0_0_1","168_1_0_0_1","-",168,"159.5DB",13.5,"1/20/2014","DUHi",156,"DB",2,FALSE,13.5,5.04985600724954,"DB",-1.5,4.86112736609664,13.8702427532236,14.2225405377089,4.96870269155379,14.0710524903802,14.143431855632,13.7894860877242,14.4999756809226,"001",14.2031987162759,13.9156946277404,"156DB"
"18",132,"shh_13.5_08_111_DC","DUHi",5,13.5,111,"DC",0,0,0,0,0,0,"0_0_0_0","097_0_0_0_0","-",97,"111DC",13.5,"03/16/16","DUHi",111,"DAI",4,FALSE,13.5,4.70953020131233,"DAI",-1.5,4.609128253065,13.3998386393012,13.5872579080962,4.66635736356598,13.5066676225143,13.5495285541616,13.1688536116121,13.9141674906386,"001",13.578274679374,13.4290798189792,"111DAI"
"19",182,"shh_14.0_01_93-101_D","DUHi",54,14,97,"DD",0,0,0,0,0,0,"0_0_0_0","097_0_0_0_0","Y",97,"97DD",14,"1/20/2014","DUHi",93,"DD",2,FALSE,14,4.53259949315326,"DD",-1,4.77388802937695,13.7073939939756,13.2569832019833,4.63635356372945,13.45065984254,13.3621490703128,12.9704031335201,13.7183067331215,"001",13.2857634075365,13.651078608107,"93DD"
"20",67,"shh_14.0_02_128_D","DUHi",58,14,128,"DD",1,0,0,0,0,1,"1_0_0_1","168_1_0_0_1","Y",168,"128DD",14,"1/20/2014","DUHi",128,"DD",2,TRUE,14,4.85203026391962,"DD",-1,5.09331880014331,14.3036720795379,13.8532612875456,4.95578433449581,14.0469379281023,13.9558622073914,13.5896782953756,14.2986571305109,"001",13.8812891701827,14.2449842108505,"128DD"
"21",68,"shh_14.0_02_128_D","DUHi",59,14,128,"DD",1,0,0,0,0,1,"1_0_0_1","168_1_0_0_1","Y",168,"128DD",14,"1/20/2014","DUHi",128,"DD",2,TRUE,14,4.85203026391962,"DD",-1,5.09331880014331,14.3036720795379,13.8532612875456,4.95578433449581,14.0469379281023,13.9558622073914,13.5896782953756,14.2986571305109,"001",13.8812891701827,14.2449842108505,"128DD"
"22",133,"shh_14.0_26_69_DD","DUHi",53,14,69,"DD",0,0,0,0,0,0,"0_0_0_0","097_0_0_0_0","y",97,"69DD",14,"1/20/2014","DUHi",69,"DD",2,TRUE,14,4.23410650459726,"DD",-1,4.47539504082096,13.1502002479162,12.6997894559239,4.33786057517345,12.8934660964806,12.8072868875288,12.3861690748302,13.1875049836453,"001",12.7301586356038,13.0955565513935,"69DD"
"23",85,"shh_14.0_03_166_E","DUHi",27,14,166,"DE",1,0,0,0,0,1,"1_0_0_1","168_1_0_0_1","-",168,"166DE",13.5,"1/20/2014","DUHi",165,"DB",2,FALSE,13.5,5.10594547390058,"DB",-1.5,4.91721683274769,13.9749443751577,14.327242159643,5.02479215820484,14.1757541123143,14.2475050538543,13.8964919082009,14.6042076254107,"001",14.3078423567196,14.020527444621,"165DB"
"24",39,"shh_14.0_04_220_E","DUHi",114,15,220,"DE",0,1,0,1,0,1,"0_1_1_1","211_0_1_1_1","Y",211,"220DE",14.5,"12/17/2013","DUHi",220,"DG",3,FALSE,14.5,5.39362754635236,"DG",-0.5,5.1590834999859,14.4264343582803,14.8642552814553,5.29277360641479,14.67599228449,14.7637978317482,14.4180084446834,15.1249948643101,"001",14.8390856998969,14.4801582898599,"220DG"
"25",59,"shh_14.5_04_144_E","DUHi",23,14.5,144,"DE",0,0,0,0,0,1,"0_0_0_1","168_0_0_0_1","-",168,"144DE",13.5,"1/20/2014","DUHi",144,"DB",2,FALSE,13.5,4.969813299576,"DB",-1.5,4.78108465842311,13.7208278662974,14.0731256507827,4.88865998388026,13.9216376034541,13.994447212975,13.6370461267785,14.3527159351889,"001",14.0538694655045,13.7665867966736,"144DB"
"26",51,"shh_14.0_09_140_F","DUHi",68,14,140,"DF",2,0,0,0,0,1,"2_0_0_1","143_2_0_0_1","-",143,"140DF",14,"7/17/2014","DUHi",140,"DF",5,TRUE,14,4.9416424226093,"DF",-1,5.02437034718343,14.1749667220835,14.0205393687974,4.97721543017618,14.0869431307104,14.0568626882778,13.6944590955125,14.4072631860635,"001",14.0327407437319,14.1559448736792,"140DF"
"27",185,"shh_14.0_11_157_F","DUHi",71,14,157,"DF",2,0,0,0,0,1,"2_0_0_1","143_2_0_0_1","Y",143,"157DF",14,"7/17/2014","DUHi",157,"DF",5,TRUE,14,5.05624580534831,"DF",-1,5.13897372992244,14.3888956604091,14.234468307123,5.09181881291518,14.300872069036,14.2697223158138,13.9114663704272,14.6174158498985,"001",14.2462719210794,14.3692749854995,"157DF"
"28",80,"shh_14.0_19_139_DF","DUHi",66,14,139,"DF",2,0,0,0,0,0,"2_0_0_0","120_2_0_0_0","Y",120,"139DF",14,"7/17/2014","DUHi",139,"DF",5,TRUE,14,4.93447393313069,"DF",-1,5.01720185770482,14.1615853775987,14.0071580243126,4.97004694069757,14.0735617862256,14.043439259623,13.6812241330392,14.3939706776387,"001",14.0193874074401,14.1425249335677,"139DF"
"29",81,"shh_14.0_19_139_DF","DUHi",67,14,139,"DF",2,0,0,0,0,0,"2_0_0_0","120_2_0_0_0","Y",120,"139DF",14,"7/17/2014","DUHi",139,"DF",5,TRUE,14,4.93447393313069,"DF",-1,5.01720185770482,14.1615853775987,14.0071580243126,4.97004694069757,14.0735617862256,14.043439259623,13.6812241330392,14.3939706776387,"001",14.0193874074401,14.1425249335677,"139DF"
"30",70,"shh_14.0_31_237_DG","DUHi",116,14,237,"DG",0,2,0,1,0,1,"0_2_1_1","235_0_2_1_1","-",235,"237DG",14.5,"12/17/2013","DUHi",237,"DG",3,TRUE,14.5,5.46806014113513,"DG",-0.5,5.23351609476867,14.5653769060318,15.0031978292068,5.36720620119755,14.8149348322415,14.9021389280104,14.5573080596302,15.2631923891918,"001",14.9781145024339,14.6186841119444,"237DG"
"31",177,"shh_14.5_01_200_G","DUHi",111,14.5,200,"DG",1,0,0,0,0,1,"1_0_0_1","168_1_0_0_1","-",168,"200DG",14.5,"12/17/2013","DUHi",200,"DG",3,TRUE,14.5,5.29831736654804,"DG",-0.5,5.06377332018158,14.2485198404899,14.6863407636648,5.19746342661046,14.4980777666996,14.5868946700934,14.2378790172019,14.9474108783962,"001",14.6613046059316,14.3023217957152,"200DG"
"32",94,"shh_14.5_03_255-256_G","DUHi",120,14.5,255.5,"DG",0,2,0,2,0,1,"0_2_2_1","331_0_2_2_1","-",331,"255.5DG",14.5,"12/17/2013","DUHi",255,"DG",3,FALSE,14.5,5.54126354515843,"DG",-0.5,5.30671949879197,14.7020249362229,15.1398458593979,5.44040960522085,14.9515828624326,15.0381795478198,14.6933192806224,15.4003360047269,"001",15.1145040075919,14.7553755710083,"255DG"
"33",2,"shh_14.5_15_209-216_DG","DUHi",112,14.5,212.5,"DG",0,1,0,1,0,1,"0_1_1_1","211_0_1_1_1","Y",211,"212.5DG",14.5,"12/17/2013","DUHi",209,"DG",3,FALSE,14.5,5.34233425196481,"DG",-0.5,5.10779020559835,14.3306857010479,14.7685066242229,5.24148031202723,14.5802436272576,14.668600522157,14.3214394602225,15.0293058579149,"001",14.7435267527557,14.3843630912475,"209DG"
"34",83,"shh_14.5_11_196-199_H","DUHi",123,14.5,197.5,"DH",0,0,0,0,0,1,"0_0_0_1","168_0_0_0_1","-",168,"197.5DH",14.5,"1/22/2014","DUHi",196,"DH",4,FALSE,14.5,5.27811465923052,"DH",-0.5,5.08286021046047,14.284149139344,14.6486285807916,5.1941552462594,14.4919024209691,14.5645601747585,14.2195251480043,14.9193707827691,"001",14.6290669989849,14.3303021231019,"196DH"
"35",40,"shh_14.5_12_196-199_H","DUHi",124,14.5,197.5,"DH",1,0,0,0,0,1,"1_0_0_1","168_1_0_0_1","-",168,"197.5DH",14.5,"1/22/2014","DUHi",199,"DH",4,FALSE,14.5,5.29330482472449,"DH",-0.5,5.09805037595444,14.3125044627162,14.6769839041639,5.20934541175337,14.5202577443414,14.5926873878146,14.2479904392489,14.9478174410409,"001",14.6573157763583,14.3585156784248,"199DH"
"36",126,"shh_14.5_13_211-216_H","DUHi",126,14.5,213.5,"DH",1,1,0,1,0,1,"1_1_1_1","216_1_1_1_1","-",216,"213.5DH",14.5,"1/22/2014","DUHi",215,"DH",4,FALSE,14.5,5.37063802812766,"DH",-0.5,5.17538357935761,14.4568615463028,14.8213409877504,5.28667861515654,14.6646148279279,14.7361043803072,14.3940313662964,15.0921053862029,"001",14.8013891089303,14.5025749801744,"215DH"
"37",62,"shh_14.5_14_163_DH","DUHi",122,14.5,163,"DH",0,0,0,0,0,1,"0_0_0_1","168_0_0_0_1","y",168,"163DH",14.5,"1/22/2014","DUHi",163,"DH",4,TRUE,14.5,5.09375020080676,"DH",-0.5,4.89849575203671,13.9399979292057,14.3044773706534,5.00979078783564,14.1477512108309,14.2217559666086,13.8659885561882,14.5801416844042,"001",14.285464014067,13.986907969257,"163DH"
"38",75,"shh_14.5_14_211-216_H","DUHi",125,14.5,213.5,"DH",1,0,0,0,0,1,"1_0_0_1","168_1_0_0_1","-",168,"213.5DH",14.5,"1/22/2014","DUHi",211,"DH",4,FALSE,14.5,5.35185813347607,"DH",-0.5,5.15660368470602,14.4218053129817,14.7862847544294,5.26789872050495,14.6295585946069,14.7011467359834,14.3582593505674,15.0567697254587,"001",14.766469158282,14.4676629978657,"211DH"
"39",10,"shh_14.5_17_237-241_DH","DUHi",128,14.5,239,"DH",0,1,0,1,0,1,"0_1_1_1","211_0_1_1_1","y",211,"239DH",14.5,"1/22/2014","DUHi",237,"DH",4,FALSE,14.5,5.46806014113513,"DH",-0.5,5.27280569236508,14.6387183877591,15.0031978292068,5.38410072816401,14.8464716693843,14.9169402120899,14.5760058592316,15.2720920872789,"001",14.9826885882682,14.6840507256882,"237DH"
"40",32,"shh_14.5_08_247_I","DUHi",139,14.5,247,"DI",0,2,0,1,0,1,"0_2_1_1","235_0_2_1_1","-",235,"247DI",14.5,"3/4/2014","DUHi",247,"DI",3,TRUE,14.5,5.50938833662798,"DI",-0.5,5.28360442119067,14.6588762621404,15.0803447403484,5.41230125298994,14.8991132947189,14.9778774944449,14.6324243452438,15.3398384353826,"001",15.056877825211,14.7108911799777,"247DI"
"41",37,"shh_14.5_09_238_I","DUHi",137,14.5,238,"DI",0,1,0,1,0,1,"0_1_1_1","211_0_1_1_1","y",211,"238DI",14.5,"3/4/2014","DUHi",238,"DI",3,TRUE,14.5,5.47227067367148,"DI",-0.5,5.24648675823417,14.5895891081347,15.0110575863427,5.37518359003343,14.8298261407132,14.909217203229,14.5637077692319,15.2705959160907,"001",14.9879106149504,14.6416831686092,"238DI"
"42",31,"shh_14.5_10_263_I","DUHi",142,14.5,263,"DI",0,2,0,2,0,1,"0_2_2_1","331_0_2_2_1","-",331,"263DI",14.5,"3/4/2014","DUHi",263,"DI",3,TRUE,14.5,5.57215403217776,"DI",-0.5,5.34637011674046,14.7760403308731,15.1975088090811,5.47506694853972,15.0162773634517,15.0940949046822,14.7512991299122,15.458434794126,"001",15.1740595706277,14.8271008611318,"263DI"
"43",13,"shh_14.5_30_268_I","DUHi",143,14.5,268,"DI",0,2,0,2,0,1,"0_2_2_1","331_0_2_2_1","-",331,"268DI",14.5,"3/4/2014","DUHi",268,"DI",3,TRUE,14.5,5.59098698051086,"DI",-0.5,5.36520306507355,14.8111955989476,15.2326640771557,5.49389989687281,15.0514326315262,15.1290531502301,14.7864528929398,15.4936875906313,"001",15.2092198570825,14.8621807870543,"268DI"
"44",72,"shh_15.0_04_217-218_J","DUHi",166,15,217.5,"DJ",1,1,0,1,0,1,"1_1_1_1","216_1_1_1_1","y",216,"217.5DJ",15,"1/30/2014","DUHi",217,"DJ",5,FALSE,15,5.37989735354046,"DJ",0,5.49224128199981,15.0483365124554,14.8386252738494,5.42820524277798,14.92880110645,14.8859150184482,14.5344642734267,15.2340735971326,"001",14.8503697966777,15.0257380543875,"217DJ"
"45",4,"shh_15.0_05_245_J","DUHi",169,15,245,"DJ",0,2,0,2,0,1,"0_2_2_1","331_0_2_2_1","-",331,"245DJ",15,"1/30/2014","DUHi",245,"DJ",5,TRUE,15,5.50125821054473,"DJ",0,5.61360213900408,15.2748795574573,15.0651683188513,5.54956609978225,15.1553441514519,15.1114259157501,14.7607174567117,15.4625605000249,"001",15.0763617979076,15.2510873399837,"245DJ"
"46",3,"shh_15.0_01_219_K","DUHi",173,15,219,"DK",0,1,0,1,0,1,"0_1_1_1","211_0_1_1_1","y",211,"219DK",15,"3/13/2014","DUHi",219,"DK",5,TRUE,15,5.3890717298165,"DK",0,5.27864255052449,14.64961398996,14.8557509862815,5.34158718272094,14.7671120778632,14.803076689945,14.4621514284134,15.1524903285128,"001",14.8435003774546,14.678617671243,"219DK"
"47",30,"shh_15.0_02_265_K","DUHi",177,15,265,"DK",0,2,0,2,0,1,"0_2_2_1","331_0_2_2_1","y",331,"265DK",15,"3/13/2014","DUHi",265,"DK",5,TRUE,15,5.57972982598622,"DK",0,5.46930064669421,15.0055134679855,15.211650464307,5.53224527889066,15.1230115558887,15.1565141339173,14.8190779674418,15.5118683656832,"001",15.1987892875997,15.0338293295489,"265DK"
"48",34,"shh_15.0_03_294_K","DUHi",181,15,294,"DK",0,2,0,2,0,1,"0_2_2_1","331_0_2_2_1","-",331,"294DK",15,"3/13/2014","DUHi",294,"DK",5,TRUE,15,5.68357976733868,"DK",0,5.57315058804667,15.1993690695195,15.4055060658411,5.63609522024312,15.3168671574228,15.3490459470138,15.0112238113696,15.7091943597936,"001",15.3925807063653,15.2272980785499,"294DK"
"49",139,"shh_15.0_06_221_K","DUHi",174,15,221,"DK",0,2,0,2,0,1,"0_2_2_1","331_0_2_2_1","-",331,"221DK",15,"3/13/2014","DUHi",221,"DK",5,TRUE,15,5.39816270151775,"DK",0,5.28773352222574,14.6665840119429,14.8727210082644,5.35067815442219,14.7840820998462,14.8200306538287,14.4790705430984,15.1695588601704,"001",14.8604144250927,14.6953988049531,"221DK"
"50",22,"shh_15.0_07_294_K","DUHi",181,15,294,"DK",0,2,0,2,1,1,"0_2_2_1","331_0_2_2_1","-",331,"294DK",15,"3/13/2014","DUHi",294,"DK",5,TRUE,15,5.68357976733868,"DK",0,5.57315058804667,15.1993690695195,15.4055060658411,5.63609522024312,15.3168671574228,15.3490459470138,15.0112238113696,15.7091943597936,"001",15.3925807063653,15.2272980785499,"294DK"
"51",117,"shh_15.0_10_242_DK","DUHi",186,15,242,"DK",0,2,0,1,1,1,"0_2_1_1","235_0_2_1_1","Y",235,"242DK",15,"9/18/2014","DUHi",242,"DT",5,FALSE,15,5.48893772615669,"DT",0,5.52982916657788,15.1185014242539,15.0421697992457,5.5065210455378,15.0749923979992,15.0509410630631,14.6971477969452,15.4019708072481,"001",15.0457324233483,15.1069662952469,"242DT"
"52",129,"shh_15.0_11_262_DK","DUHi",176,15,262,"DK",0,2,0,2,1,1,"0_2_2_1","331_0_2_2_1","-",331,"262DK",15,"3/13/2014","DUHi",262,"DK",5,TRUE,15,5.5683445037611,"DK",0,5.45791532446908,14.9842606058281,15.1903976021497,5.52085995666553,15.1017586937314,15.1356046664669,14.7978200488322,15.4900936984556,"001",15.1775715109303,15.0125863456176,"262DK"
"53",175,"shh_15.0_12_293_DK","DUHi",180,15,293,"DK",0,2,0,2,1,1,"0_2_2_1","331_0_2_2_1","-",331,"293DK",15,"3/13/2014","DUHi",293,"DK",5,TRUE,15,5.68017260901707,"DK",0,5.56974342972506,15.1930089626446,15.3991459589661,5.6326880619215,15.3105070505479,15.342839793322,15.0051419968353,15.7029440944776,"001",15.3862193328448,15.2209106763868,"293DK"
"54",7,"shh_15.0_15_285_DK","DUHi",179,15,285,"DK",0,2,0,2,0,1,"0_2_2_1","331_0_2_2_1","Y",331,"285DK",15,"3/13/2014","DUHi",285,"DK",5,TRUE,15,5.65248918026865,"DK",0,5.54206000097664,15.1413325951603,15.3474695914819,5.60500463317309,15.2588306830636,15.2915257302922,14.9538383281252,15.6504162121742,"001",15.334453719069,15.1693059784547,"285DK"
"55",157,"shh_15.5_04_457_M","DUHi",204,15.5,457,"DM",0,2,0,2,2,1,"0_2_2_1","331_0_2_2_1","-",331,"457DM",15.5,"3/5/2014","DUHi",457,"DM",4,TRUE,15.5,6.12468339089421,"DM",0.5,5.77562674514845,15.5773291985297,16.2289095956803,5.97458903322353,15.9487300249055,16.0763564104806,15.7278728447123,16.4638145143619,"001",16.1907741809338,15.6617056504229,"457DM"
"56",153,"shh_15.5_05_483_M","DUHi",206,15.5,483,"DM",0,2,0,2,2,1,"0_2_2_1","331_0_2_2_1","-",331,"483DM",15.5,"3/5/2014","DUHi",483,"DM",4,TRUE,15.5,6.18001665365257,"DM",0.5,5.83096000790682,15.6806192225506,16.3321996197012,6.0299222959819,16.0520200489264,16.1792413642875,15.8284438954545,16.5704844626155,"001",16.2943601651065,15.7646552414199,"483DM"
"57",6,"shh_15.5_01_359_N","DUHi",209,15.5,359,"DN",0,2,0,2,0,1,"0_2_2_1","331_0_2_2_1","y",331,"359DN",15.5,"3/12/2014","DUHi",359,"DN",4,TRUE,15.5,5.88332238848828,"DN",0.5,5.65857116392765,15.3588227668942,15.778363531822,5.78667936192721,15.597961002903,15.68070650362,15.3324813304552,16.059471746511,"001",15.7516056907717,15.4096226969972,"359DN"
"58",82,"shh_15.5_02_426_N","DUHi",214,15.5,426,"DN",0,2,0,2,2,1,"0_2_2_1","331_0_2_2_1","y",331,"426DN",15.5,"3/12/2014","DUHi",426,"DN",4,TRUE,15.5,6.05443934626937,"DN",0.5,5.82968812170875,15.6782450058606,16.0977857707884,5.9577963197083,15.9173832418694,15.9985050518057,15.645888513252,16.3893139563093,"001",16.0704042869631,15.7280232374226,"426DN"
"59",123,"shh_15.5_03_442_N","DUHi",218,15.5,442,"DN",0,2,0,2,2,1,"0_2_2_1","331_0_2_2_1","y",331,"442DN",15.5,"3/12/2014","DUHi",442,"DN",4,TRUE,15.5,6.0913098820777,"DN",0.5,5.86655865751707,15.7470708501983,16.1666116151261,5.99466685551663,15.9862090862072,16.066460675715,15.7127959288168,16.4598879902119,"001",16.1391119020036,15.7966321208435,"442DN"
"60",165,"shh_15.5_15_399_DN","DUHi",212,15.5,399,"DN",0,2,0,2,2,1,"0_2_2_1","331_0_2_2_1","y",331,"399DN",15.5,"3/12/2014","DUHi",399,"DN",4,TRUE,15.5,5.98896141688986,"DN",0.5,5.76421019232924,15.5560180385483,15.9755588034761,5.8923183903288,15.7951562745572,15.8769098456104,15.5268523109705,16.2621024300275,"001",15.9480987932925,15.6060413072042,"399DN"
"61",173,"shh_15.5_16_427_DN","DUHi",215,15.5,427,"DN",0,2,0,2,2,1,"0_2_2_1","331_0_2_2_1","-",331,"427DN",15.5,"3/12/2014","DUHi",427,"DN",4,TRUE,15.5,6.05678401322862,"DN",0.5,5.832032788668,15.6826217711997,16.1021625361275,5.96014098666756,15.9217600072086,16.0028110136868,15.6500537710875,16.3938157091451,"001",16.0748129370335,15.7324448546805,"427DN"
"62",174,"shh_15.5_16_427_DN","DUHi",216,15.5,427,"DN",0,2,0,2,2,1,"0_2_2_1","331_0_2_2_1","-",331,"427DN",15.5,"3/12/2014","DUHi",427,"DN",4,TRUE,15.5,6.05678401322862,"DN",0.5,5.832032788668,15.6826217711997,16.1021625361275,5.96014098666756,15.9217600072086,16.0028110136868,15.6500537710875,16.3938157091451,"001",16.0748129370335,15.7324448546805,"427DN"
"63",125,"shh_16.0_01_455_O","DUHi",237,16,455,"DO",0,2,0,2,2,1,"0_2_2_1","331_0_2_2_1","-",331,"455DO",16,"3/20/2014","DUHi",455,"DO",5,TRUE,16,6.12029741895095,"DO",1,6.05749424506875,16.1034883184901,16.2207223476347,6.09329205418161,16.1703117151025,16.1898510725467,15.8238143423301,16.5691304735832,"001",16.2152278327364,16.1158311361133,"455DO"
"64",156,"shh_16.0_03_391_O","DUHi",233,16,391,"DO",0,2,0,2,1,1,"0_2_2_1","331_0_2_2_1","y",331,"391DO",16,"3/20/2014","DUHi",391,"DO",5,TRUE,16,5.96870755998537,"DO",1,5.90590438610317,15.8205171110582,15.9377511402028,5.94170219521602,15.8873405076706,15.9083543969425,15.5488931171102,16.2765994638218,"001",15.9327891448163,15.8343454011968,"391DO"
"65",33,"shh_16.0_04_424_O","DUHi",235,16,424,"DO",0,2,0,2,1,1,"0_2_2_1","331_0_2_2_1","-",331,"424DO",16,"3/20/2014","DUHi",424,"DO",5,TRUE,16,6.04973345523196,"DO",1,5.98693028134976,15.9717673039644,16.0890013331091,6.02272809046261,16.0385907005769,16.0585753685697,15.6955532358393,16.4325957667736,"001",16.0835963305044,15.984927638205,"424DO"
"66",12,"shh_16.0_06_481_O","DUHi",239,16,481,"DO",0,2,0,2,2,1,"0_2_2_1","331_0_2_2_1","-",331,"481DO",16,"3/20/2014","DUHi",481,"DO",5,TRUE,16,6.17586727010576,"DO",1,6.11306409622357,16.2072199796011,16.3244540087457,6.14886190533642,16.2740433762135,16.2928237328352,15.9235462629761,16.6767740449215,"001",16.3186555872665,16.219021923649,"481DO"
"67",27,"shh_16.0_07_452_DO","DUHi",236,16,452,"DO",0,2,0,2,1,1,"0_2_2_1","331_0_2_2_1","-",331,"452DO",16,"3/20/2014","DUHi",452,"DO",5,TRUE,16,6.11368217983223,"DO",1,6.05087900595004,16.0911397206772,16.2083737498218,6.08667681506289,16.1579631172896,16.1775000211026,15.8118672359302,16.5562745375882,"001",16.2029461063521,16.1034638404015,"452DO"
"68",11,"shh_16.0_08_456_DO","DUHi",219,16,456,"DO",0,2,0,2,2,1,"0_2_2_1","331_0_2_2_1","-",331,"456DO",15.5,"3/12/2014","DUHi",456,"DN",4,FALSE,15.5,6.12249280951439,"DN",0.5,5.89774158495376,15.8052796953561,16.2248204602839,6.02584978295332,16.044417931365,16.1243403735975,15.7692021046197,16.5197635039876,"001",16.1971349762216,15.8548560237759,"456DN"
"69",5,"shh_14.5_07_367_P","DUHi",192,14.5,367,"DP",0,2,0,2,0,1,"0_2_2_1","331_0_2_2_1","-",331,"367DP",15.5,"4/29/2015","DUHi",367,"DAC",4,FALSE,15.5,5.90536184805457,"DAC",0.5,5.78864610641921,15.6016323043173,15.8195043609459,5.85517407915137,15.7258193765956,15.7623922466356,15.4116681285071,16.1270067094453,"001",15.8050022010886,15.6297670759633,"367DAC"
"70",181,"shh_13.5_05_67_Q","DUHi",28,13.5,67,"DQ",0,0,0,0,0,0,"0_0_0_0","097_0_0_0_0","-",97,"67DQ",13.5,"7/30/2014","DUHi",67,"DQ",4,TRUE,13.5,4.20469261939097,"DQ",-1.5,4.31396247068026,12.8488557542723,12.6448828634323,4.25167865544536,12.7325912064935,12.6946649484803,12.2762610704139,13.0863898158173,"001",12.6630594613393,12.8297512385671,"67DQ"
"71",101,"shh_13.5_07_113_Q","DUHi",34,13.5,113,"DQ",2,0,0,0,0,0,"2_0_0_0","120_2_0_0_0","Y",120,"113DQ",13.5,"7/30/2014","DUHi",113,"DQ",4,TRUE,13.5,4.72738781871234,"DQ",-1.5,4.83665767000163,13.8245654269384,13.6205925360985,4.77437385476674,13.7083008791596,13.665891906554,13.2978323752816,14.0206317771153,"001",13.6369980752409,13.801593723068,"113DQ"
"72",38,"shh_14.0_05_117_R","DUHi",72,14,117,"DR",0,0,0,0,0,0,"0_0_0_0","097_0_0_0_0","-",97,"117DR",14,"7/30/2014","DUHi",117,"DR",4,TRUE,14,4.76217393479776,"DR",-1,4.71866712514937,13.6043137084513,13.6855274158967,4.74346600664895,13.6506055216951,13.6702727914276,13.2907741746774,14.0374127075175,"001",13.6837351862112,13.618533529033,"117DR"
"73",86,"shh_14.0_06_169_R","DUHi",78,14,169,"DR",1,0,0,0,0,1,"1_0_0_1","168_1_0_0_1","-",168,"169DR",14,"7/30/2014","DUHi",169,"DR",4,TRUE,14,5.12989871492307,"DR",-1,5.08639190527468,14.2907417171897,14.3719554246351,5.11119078677427,14.3370335304336,14.352735286914,13.9956723005621,14.7091446454857,"001",14.3680404373198,14.3029388918437,"169DR"
"74",49,"shh_14.0_15_139_DR","DUHi",73,14,139,"DR",2,0,0,0,0,1,"2_0_0_1","143_2_0_0_1","-",143,"139DR",14,"7/30/2014","DUHi",139,"DR",4,TRUE,14,4.93447393313069,"DR",-1,4.8909671234823,13.9259443168672,14.0071580243126,4.91576600498188,13.9722361301111,13.9901034428793,13.624088872095,14.3522252486835,"001",14.0040098416975,13.9385581659367,"139DR"
"75",60,"shh_14.0_17_161_DR","DUHi",77,14,161,"DR",0,0,0,0,0,1,"0_0_0_1","168_0_0_0_1","Y",168,"161DR",14,"7/30/2014","DUHi",161,"DR",4,TRUE,14,5.08140436498446,"DR",-1,5.03789755533607,14.2002178203447,14.2814315277901,5.06269643683566,14.2465096335886,14.2624510701569,13.904603942905,14.6203345662916,"001",14.2778338495974,14.212248900186,"161DR"
"76",89,"shh_14.0_30_149_DR","DUHi",76,14,149,"DR",1,0,0,0,0,1,"1_0_0_1","168_1_0_0_1","y",168,"149DR",14,"7/30/2014","DUHi",149,"DR",4,TRUE,14,5.00394630594546,"DR",-1,4.96043949629707,14.055627670046,14.1368413774913,4.98523837779665,14.1019194832898,14.1189140477634,13.7565579617081,14.4782372595849,"001",14.1333358166322,14.0677909889625,"149DR"
"77",121,"shh_15.0_13_196_DT","DUHi",183,15,196,"DT",0,1,0,1,0,1,"0_1_1_1","211_0_1_1_1","-",211,"196DT",15,"9/18/2014","DUHi",196,"DT",5,TRUE,15,5.27811465923052,"DT",0,5.31900609965171,14.7249602057999,14.6486285807916,5.29569797861163,14.6814511795452,14.6598385510415,14.2995071990437,15.007862563591,"001",14.6531112172695,14.7148938884977,"196DT"
"78",84,"shh_14.0_12_91_DU","DUHi",80,14,91,"DU",2,0,0,0,0,0,"2_0_0_0","120_2_0_0_0","Y",120,"91DU",14,"10/14/2014","DUHi",91,"DU",3,TRUE,14,4.51085950651685,"DU",-1,4.64110719486797,13.4595333961677,13.2164013958517,4.56686601250783,13.3209481559876,13.2789394591706,12.884355308393,13.64369985744,"001",13.2311819508547,13.4313667457677,"91DU"
"79",108,"shh_14.0_13_113_DU","DUHi",83,14,113,"DU",2,0,0,0,0,0,"2_0_0_0","120_2_0_0_0","Y",120,"113DU",14,"10/14/2014","DUHi",113,"DU",3,TRUE,14,4.72738781871234,"DU",-1,4.85763550706346,13.8637245364145,13.6205925360985,4.78339432470332,13.7251392962344,13.6801078900383,13.3079756459772,14.0318489157186,"001",13.6346049937346,13.8341698828987,"113DU"
"80",79,"shh_14.0_14_125_DU","DUHi",85,14,125,"DU",2,0,0,0,0,0,"2_0_0_0","120_2_0_0_0","Y",120,"125DU",14,"10/14/2014","DUHi",125,"DU",3,TRUE,14,4.8283137373023,"DU",-1,4.95856142565342,14.0521218951788,13.8089898948628,4.88432024329328,13.9135366549987,13.8675691294811,13.5036772363238,14.2138967551224,"001",13.8225215995404,14.0221254819291,"125DU"
"81",53,"shh_14.0_20_142_DU","DUHi",87,14,142,"DU",2,0,0,0,0,1,"2_0_0_1","143_2_0_0_1","-",143,"142DU",14,"10/14/2014","DUHi",142,"DU",3,TRUE,14,4.95582705760126,"DU",-1,5.08607474595238,14.2901496791933,14.0470176788773,5.01183356359224,14.1515644390132,14.1042853684289,13.7504829673124,14.4468810370241,"001",14.060408768303,14.2597492703028,"142DU"
"82",187,"shh_14.0_29_158_DU","DUHi",89,14,158,"DU",2,0,0,0,0,1,"2_0_0_1","143_2_0_0_1","-",143,"158DU",14,"10/14/2014","DUHi",158,"DU",3,TRUE,14,5.06259503302697,"DU",-1,5.19284272137809,14.4894523444734,14.2463203441573,5.11860153901795,14.3508671042932,14.3022859871046,13.9542176846702,14.6441374391015,"001",14.2596860061284,14.4586960175848,"158DU"
"83",98,"shh_15.5_06_244_V","DUHi",223,15.5,244,"DV",0,2,0,2,0,1,"0_2_2_1","331_0_2_2_1","y",331,"244DV",15.5,"10/23/2014","DUHi",244,"DV",5,TRUE,15.5,5.4971682252932,"DV",0.5,5.41299987478808,14.9004174047373,15.0575335860736,5.460975834576,14.989973628099,15.0149411064276,14.6753101393313,15.3673701173918,"001",15.0485514840825,14.9237188074919,"244DV"
"84",46,"shh_15.5_07_290_V","DUHi",224,15.5,290,"DV",0,2,0,2,0,1,"0_2_2_1","331_0_2_2_1","Y",331,"290DV",15.5,"10/23/2014","DUHi",290,"DV",5,TRUE,15.5,5.66988092298052,"DV",0.5,5.5857125724754,15.2228183947303,15.3799345760666,5.63368853226332,15.312374618092,15.3356298371534,14.9980896160235,15.6936384995725,"001",15.3711392133195,15.2444787467579,"290DV"
"85",35,"shh_15.5_08_363_V","DUHi",229,15.5,363,"DV",0,2,0,2,1,1,"0_2_2_1","331_0_2_2_1","-",331,"363DV",15.5,"10/23/2014","DUHi",363,"DV",5,TRUE,15.5,5.89440283426485,"DV",0.5,5.81023448375973,15.6419311029588,15.7990472842951,5.85821044354765,15.7314873263205,15.7516387836274,15.412198650566,16.1246855373034,"001",15.78996508446,15.6618953097931,"363DV"
"86",25,"shh_15.5_09_457_V","DUHi",230,15.5,457,"DV",0,2,0,2,1,1,"0_2_2_1","331_0_2_2_1","-",331,"457DV",15.5,"10/23/2014","DUHi",457,"DV",5,TRUE,15.5,6.12468339089421,"DV",0.5,6.04051504038909,16.0717934143439,16.2289095956803,6.088491000177,16.1613496377056,16.1793109119405,15.8281534491403,16.569390044082,"001",16.2201206450666,16.0904050459822,"457DV"
"87",131,"shh_15.5_11_340_DV","DUHi",226,15.5,340,"DV",0,2,0,2,1,1,"0_2_2_1","331_0_2_2_1","-",331,"340DV",15.5,"10/23/2014","DUHi",340,"DV",5,TRUE,15.5,5.82894561761021,"DV",0.5,5.74477726710509,15.5197427998738,15.6768589812101,5.79275322689301,15.6092990232355,15.6304727381918,15.2912675749115,15.9973761301206,"001",15.6676757066188,15.5398727887036,"340DV"
"88",138,"shh_15.5_11_340_DV","DUHi",226,15.5,340,"DV",0,2,0,2,1,1,"0_2_2_1","331_0_2_2_1","-",331,"340DV",15.5,"10/23/2014","DUHi",340,"DV",5,TRUE,15.5,5.82894561761021,"DV",0.5,5.74477726710509,15.5197427998738,15.6768589812101,5.79275322689301,15.6092990232355,15.6304727381918,15.2912675749115,15.9973761301206,"001",15.6676757066188,15.5398727887036,"340DV"
"89",120,"shh_15.5_12_355_DV","DUHi",227,15.5,355,"DV",0,2,0,2,1,1,"0_2_2_1","331_0_2_2_1","Y",331,"355DV",15.5,"10/23/2014","DUHi",355,"DV",5,TRUE,15.5,5.87211778947542,"DV",0.5,5.7879494389703,15.6003318424623,15.7574480237986,5.83592539875821,15.689888065824,15.7103253400738,15.3719816301383,16.0813913554398,"001",15.7482975923344,15.6204291725731,"355DV"
"90",65,"shh_16.5_01_246_W","DUHi",241,16.5,246,"DW",0,2,0,1,0,1,"0_2_1_1","235_0_2_1_1","-",235,"246DW",16.5,"9/25/2014","DUHi",246,"DW",5,TRUE,16.5,5.50533153593236,"DW",1.5,6.03762547290469,16.0663994888822,15.0727719528349,5.73421792883046,15.5000317933352,15.2891709359239,14.9197506061975,15.6617657703709,"001",15.1290155317227,15.9247867557462,"246DW"
"91",71,"shh_16.5_02_271_W","DUHi",242,16.5,271,"DW",0,2,0,2,0,1,"0_2_2_1","331_0_2_2_1","Y",331,"271DW",16.5,"9/25/2014","DUHi",271,"DW",5,TRUE,16.5,5.6021188208797,"DW",1.5,6.13441275785203,16.247071303425,15.2534437673777,5.8310052137778,15.6807036078781,15.4687541682157,15.0977330260082,15.8462166352106,"001",15.3088827530566,16.1052726666302,"271DW"
"92",183,"shh_13.5_09_99_DZ","DUHi",37,13.5,99,"DZ",0,0,0,0,0,0,"0_0_0_0","097_0_0_0_0","Y",97,"99DZ",13.5,"11/19/2014","DUHi",99,"DZ",4,TRUE,13.5,4.59511985013459,"DZ",-1.5,4.55974089405414,13.3076477717423,13.3736892997711,4.57990689902,13.3452914427187,13.3650278612946,12.9850041479005,13.7286868808884,"001",13.3740714619196,13.320171799658,"99DZ"
"93",87,"shh_13.5_10_110_DZ","DUHi",40,13.5,110,"DZ",2,0,0,0,0,0,"2_0_0_0","120_2_0_0_0","Y",120,"110DZ",13.5,"11/19/2014","DUHi",110,"DZ",4,TRUE,13.5,4.70048036579242,"DZ",-1.5,4.66510140971196,13.5043231465647,13.5703646745936,4.68526741467782,13.5419668175412,13.5605953936745,13.1901427314416,13.9176716784896,"001",13.5697579163164,13.5164077766534,"110DZ"
"94",45,"shh_13.5_11_135_DZ","DUHi",45,13.5,135,"DZ",2,0,0,0,0,1,"2_0_0_1","143_2_0_0_1","-",143,"135DZ",13.5,"11/19/2014","DUHi",135,"DZ",4,TRUE,13.5,4.90527477843843,"DZ",-1.5,4.86989582235798,13.8866107390013,13.9526522670301,4.89006182732384,13.9242544099777,13.9414914200614,13.5859909155108,14.2877749087291,"001",13.9510347746277,13.8975812610603,"135DZ"
"95",97,"shh_13.5_13_107_DZ","DUHi",38,13.5,107,"DZ",0,0,0,0,0,0,"0_0_0_0","097_0_0_0_0","-",97,"107DZ",13.5,"11/19/2014","DUHi",107,"DZ",4,TRUE,13.5,4.67282883446191,"DZ",-1.5,4.63744987838145,13.4527063216575,13.5187478496864,4.65761588334731,13.490349992634,13.5092872105078,13.1365259168749,13.8678087359386,"001",13.5184753223649,13.4651226224853,"107DZ"
"96",100,"shh_13.5_14_112_DZ","DUHi",42,13.5,112,"DZ",2,0,0,0,0,0,"2_0_0_0","120_2_0_0_0","y",120,"112DZ",13.5,"11/19/2014","DUHi",112,"DZ",4,TRUE,13.5,4.71849887129509,"DZ",-1.5,4.68311991521464,13.5379581027089,13.6039996307378,4.7032859201805,13.5756017736854,13.5941861189831,13.2253218271481,13.9503468966665,"001",13.6032527084388,13.5501015160069,"112DZ"
"97",130,"shh_13.5_01_124_A","FVB",278,13.5,124,"FA",2,0,0,0,0,0,"2_0_0_0","120_2_0_0_0","y",120,"124FA",13.5,"7/17/2014","FVB",124,"FA",5,TRUE,13.5,4.82028156560504,"FA",-1.5,4.81557628760185,13.3690726135197,13.3792488353592,4.81825829606367,13.3748730599682,13.3810164184477,12.9434439592902,13.78178425299,"001",13.372721196118,13.3739557371256,"124FA"
"98",135,"shh_13.5_02_127_A","FVB",280,13.5,127,"FA",2,0,0,0,0,0,"2_0_0_0","120_2_0_0_0","y",120,"127FA",13.5,"7/17/2014","FVB",127,"FA",5,TRUE,13.5,4.84418708645859,"FA",-1.5,4.8394818084554,13.420773678415,13.4309499002545,4.84216381691722,13.4265741248635,13.4327331502143,12.9983277158974,13.833290385881,"001",13.4245352271253,13.4252591247798,"127FA"
"99",136,"shh_13.5_03_143_A","FVB",283,13.5,143,"FA",2,0,0,0,0,0,"2_0_0_0","120_2_0_0_0","Y",120,"143FA",13.5,"7/17/2014","FVB",143,"FA",5,TRUE,13.5,4.96284463025991,"FA",-1.5,4.95813935225672,13.6773973014673,13.6875735233067,4.96082136071854,13.6831977479158,13.6891312904333,13.2693057656479,14.0897930212839,"001",13.6810631966498,13.6819572719172,"143FA"
"100",134,"shh_13.5_04_125_A","FVB",279,13.5,125,"FA",2,0,0,0,0,0,"2_0_0_0","120_2_0_0_0","-",120,"125FA",13.5,"7/17/2014","FVB",125,"FA",5,TRUE,13.5,4.8283137373023,"FA",-1.5,4.82360845929911,13.386443991149,13.3966202129884,4.82629046776093,13.3922444375975,13.398419582478,12.9621398454848,13.7993139570602,"001",13.3900600056426,13.3910984384137,"125FA"
"101",171,"shh_15.0_10_151_FAA","FVB",484,15,151,"FAA",0,0,0,0,0,1,"0_0_0_1","168_0_0_0_1","y",168,"151FAA",15,"5/27/2015","FVB",151,"FAA",4,TRUE,15,5.01727983681492,"FAA",0,5.13065266420932,14.0504961346282,13.8053018992719,5.06603015259451,13.9107354204751,13.8543112457751,13.4149617706435,14.2653006658399,"001",13.8121717954434,14.0211651614163,"151FAA"
"102",158,"shh_15.0_11_229_FAA","FVB",485,15,229,"FAA",0,2,0,2,0,1,"0_2_2_1","331_0_2_2_1","-",331,"229FAA",15,"5/27/2015","FVB",229,"FAA",4,TRUE,15,5.43372200355424,"FAA",0,5.54709483094864,14.9511459727818,14.7059517374255,5.48247231933383,14.8113852586287,14.7576334250397,14.348178707418,15.1590775444831,"001",14.7111691780651,14.9232661199584,"229FAA"
"103",159,"shh_15.0_12_236_FAA","FVB",486,15,236,"FAA",0,2,0,2,0,1,"0_2_2_1","331_0_2_2_1","-",331,"236FAA",15,"5/27/2015","FVB",236,"FAA",4,TRUE,15,5.46383180502561,"FAA",0,5.57720463242001,15.0162651897775,14.7710709544211,5.5125821208052,14.8765044756244,14.8230738046711,14.4146836098577,15.2247029229725,"001",14.7764915150753,14.9884176084932,"236FAA"
"104",160,"shh_15.0_13_241_FAA","FVB",487,15,241,"FAA",0,2,0,2,0,1,"0_2_2_1","331_0_2_2_1","-",331,"241FAA",15,"5/27/2015","FVB",241,"FAA",4,TRUE,15,5.48479693349065,"FAA",0,5.59816976088505,15.0616069948755,14.8164127595192,5.53354724927024,14.9218462807224,14.8683366593239,14.4610137072215,15.2713637144757,"001",14.8215659401066,15.0337342430857,"241FAA"
"105",161,"shh_15.0_14_248_FAA","FVB",488,15,248,"FAA",0,2,0,2,0,1,"0_2_2_1","331_0_2_2_1","-",331,"248FAA",15,"5/27/2015","FVB",248,"FAA",4,TRUE,15,5.51342874616498,"FAA",0,5.62680157355938,15.1235297287166,14.8783354933602,5.56217906194457,14.9837690145635,14.930565101484,14.5235861403241,15.334194914178,"001",14.8832680393516,15.095379844331,"248FAA"
"106",162,"shh_15.0_15_249_FAA","FVB",489,15,249,"FAA",0,2,0,2,0,1,"0_2_2_1","331_0_2_2_1","-",331,"249FAA",15,"5/27/2015","FVB",249,"FAA",4,TRUE,15,5.51745289646471,"FAA",0,5.6308257238591,15.1322328587203,14.8870386233639,5.5662032122443,14.9924721445672,14.9393135668406,14.5324218790377,15.3431311081012,"001",14.8919990107659,15.103910052717,"249FAA"
"107",163,"shh_15.0_16_257_FAA","FVB",490,15,257,"FAA",0,2,0,2,0,1,"0_2_2_1","331_0_2_2_1","Y",331,"257FAA",15,"5/27/2015","FVB",257,"FAA",4,TRUE,15,5.54907608489522,"FAA",0,5.66244891228962,15.2006251153566,14.9554308800003,5.59782640067481,15.0608644012035,15.0082968104427,14.6011118833177,15.412382754594,"001",14.9603165867793,15.1719320599781,"257FAA"
"108",164,"shh_15.0_17_258_FAA","FVB",491,15,258,"FAA",0,2,0,2,0,1,"0_2_2_1","331_0_2_2_1","Y",331,"258FAA",15,"5/27/2015","FVB",258,"FAA",4,TRUE,15,5.55295958492162,"FAA",0,5.66633241231601,15.2090240575138,14.9638298221575,5.60170990070121,15.0692633433607,15.0167637071907,14.6099189056384,15.4211690503897,"001",14.9687989347802,15.1802740700026,"258FAA"
"109",166,"shh_15.0_18_269_FAA","FVB",494,15,269,"FAA",0,2,0,2,0,1,"0_2_2_1","331_0_2_2_1","Y",331,"269FAA",15,"9/3/2015","FVB",268,"FAC",5,FALSE,15,5.59098698051086,"FAC",0,5.54534231317368,14.9473557589744,15.0460726169998,5.57135977355587,15.0036243680489,15.0222459156356,14.6175052534866,15.4210009629702,"001",15.0332935196692,14.9576649574063,"268FAC"
"110",179,"shh_15.0_19_281_FAC","FVB",498,15,281,"FAC",0,2,0,2,0,1,"0_2_2_1","331_0_2_2_1","-",331,"281FAC",15,"9/3/2015","FVB",281,"FAC",5,TRUE,15,5.63835466933375,"FAC",0,5.59271000199656,15.0497990384484,15.1485158964739,5.61872746237876,15.1060676475229,15.1252160203089,14.7186399335232,15.5262419771498,"001",15.1354513230438,15.0598487209836,"281FAC"
"111",145,"shh_15.0_20_264_FAC","FVB",493,15,264,"FAC",0,2,0,2,0,1,"0_2_2_1","331_0_2_2_1","-",331,"264FAC",15,"9/3/2015","FVB",264,"FAC",5,TRUE,15,5.57594910314632,"FAC",0,5.53030443580914,14.914832967345,15.0135498253705,5.55632189619133,14.9711015764195,14.9895568123751,14.5845862862431,15.3882492109278,"001",15.0007758360214,14.9250363307702,"264FAC"
"112",26,"shh_15.0_21_291_FAC","FVB",499,15,291,"FAC",0,2,0,2,0,1,"0_2_2_1","331_0_2_2_1","-",331,"291FAC",15,"9/3/2015","FVB",291,"FAC",5,TRUE,15,5.67332326717149,"FAC",0,5.62767859983431,15.1254264952682,15.2241433532937,5.6536960602165,15.1816951043427,15.2009775476954,14.7951431875957,15.602631633624,"001",15.2112515166667,15.1355030364412,"291FAC"
"113",61,"shh_14.0_01_163-167_B","FVB",367,14,165,"FB",0,0,0,0,0,1,"0_0_0_1","168_0_0_0_1","y",168,"165FB",14,"5/6/2014","FVB",165,"FB",3,TRUE,14,5.10594547390058,"FB",-1,5.0867210741143,13.9554841913884,13.9970612792507,5.09767898199248,13.9791831314699,13.998817804723,13.5823618178414,14.4033685455731,"001",13.9922980742168,13.9567319969983,"165FB"
"114",64,"shh_14.0_02_171-178_B","FVB",361,14,174.5,"FB",0,0,0,0,0,1,"0_0_0_1","168_0_0_0_1","y",168,"174.5FB",14,"5/6/2014","FVB",175,"FB",3,FALSE,14,5.16478597392351,"FB",-1,5.14556157413724,14.0827400051727,14.1243170930351,5.15651948201542,14.1064389452543,14.1268039083035,13.7143898649318,14.5305686475572,"001",14.1189209146914,14.0836933209713,"175FB"
"115",102,"shh_14.0_03_163-167_B","FVB",366,14,165,"FB",1,0,0,0,0,1,"1_0_0_1","168_1_0_0_1","y",168,"165FB",14,"5/6/2014","FVB",163,"FB",3,FALSE,14,5.09375020080676,"FB",-1,5.07452580102049,13.9291091707602,13.9706862586226,5.08548370889866,13.9528081108418,13.9727216607836,13.5546640448057,14.3770133441967,"001",13.9660848699355,13.9307151780525,"163FB"
"116",103,"shh_14.0_05_171-178_B","FVB",360,14,174.5,"FB",1,0,0,0,0,1,"1_0_0_1","168_1_0_0_1","y",168,"174.5FB",14,"5/6/2014","FVB",171,"FB",3,FALSE,14,5.14166355650266,"FB",-1,5.12243915671638,14.0327325775607,14.0743096654231,5.13339706459456,14.0564315176423,14.0765095084991,13.662475467377,14.4804418968186,"001",14.0692601384281,14.0340339810936,"171FB"
"117",57,"shh_14.0_06_171-178_B`","FVB",362,14,174.5,"FB",2,0,0,0,0,1,"2_0_0_1","143_2_0_0_1","y",143,"174.5FB",14,"5/6/2014","FVB",177,"FB",3,FALSE,14,5.17614973257383,"FB",-1,5.15692533278755,14.1073166888197,14.1488937766821,5.16788324066573,14.1310156289013,14.1513488102873,13.7400185537529,14.5550833898973,"001",14.1434070127441,14.1080411663056,"177FB"
"118",122,"shh_14.5_01_178_C","FVB",405,14.5,178,"FC",0,1,0,1,0,1,"0_1_1_1","211_0_1_1_1","Y",211,"178FC",14.5,"4/23/2014","FVB",178,"FC",4,TRUE,14.5,5.18178355029209,"FC",-0.5,5.21660752850993,14.2363928588409,14.1610781744722,5.19675786092576,14.1934634887507,14.1796824409913,13.766077388625,14.5721945872329,"001",14.1571450475751,14.2327700389615,"178FC"
"119",29,"shh_14.5_02_193-197_C","FVB",406,14.5,195,"FC",0,1,0,1,0,1,"0_1_1_1","211_0_1_1_1","-",211,"195FC",14.5,"4/23/2014","FVB",193,"FC",4,FALSE,14.5,5.26269018890489,"FC",-0.5,5.29751416712273,14.4113716597215,14.3360569753529,5.27766449953856,14.3684422896314,14.3548074280587,13.9469517408672,14.7455589605514,"001",14.3321707506562,14.4073979171928,"193FC"
"120",107,"shh_14.5_04_199-207_C","FVB",409,14.5,203,"FC",0,2,0,1,0,1,"0_2_1_1","235_0_2_1_1","y",235,"203FC",14.5,"4/23/2014","FVB",200,"FC",4,FALSE,14.5,5.29831736654804,"FC",-0.5,5.33314134476588,14.4884234434768,14.4131087591081,5.31329167718171,14.4454940733866,14.4322634202829,14.0259063112503,14.8206051400834,"001",14.4095097286948,14.4843750075596,"200FC"
"121",105,"shh_14.5_05_199-207_C","FVB",410,14.5,203,"FC",0,2,0,1,0,1,"0_2_1_1","235_0_2_1_1","-",235,"203FC",14.5,"4/23/2014","FVB",204,"FC",4,FALSE,14.5,5.31811999384422,"FC",-0.5,5.35294397206206,14.5312510783653,14.4559363939967,5.33309430447789,14.4883217082752,14.4752982247146,14.0703026399764,14.8638323349741,"001",14.4524544177715,14.5273049228802,"204FC"
"122",154,"shh_15.0_01_234_D","FVB",529,15,234,"FD",0,2,0,2,0,1,"0_2_2_1","331_0_2_2_1","y",331,"234FD",15,"7/24/2014","FVB",246,"FC",5,FALSE,15,5.50533153593236,"FC",0,5.5401555141502,14.9361381396406,14.860823455272,5.52030584656603,14.8932087695505,14.8815705448807,14.4823369343217,15.2727518698788,"001",14.8577625743777,14.9311064759873,"246FC"
"123",152,"shh_15.0_02_246_D","FVB",529,15,246,"FD",0,2,0,2,0,1,"0_2_2_1","331_0_2_2_1","y",331,"246FD",15,"7/24/2014","FVB",246,"FC",5,FALSE,15,5.50533153593236,"FC",0,5.5401555141502,14.9361381396406,14.860823455272,5.52030584656603,14.8932087695505,14.8815705448807,14.4823369343217,15.2727518698788,"001",14.8577625743777,14.9311064759873,"246FC"
"124",1,"shh_15.0_04_293_D","FVB",537,15,293,"FD",0,2,0,2,0,1,"0_2_2_1","331_0_2_2_1","y",331,"293FD",15,"7/24/2014","FVB",293,"FD",5,TRUE,15,5.68017260901707,"FD",0,5.64092628042116,15.1540775837732,15.2389565953651,5.66329668772083,15.2024586203806,15.2258391944652,14.8265056410727,15.6236760211187,"001",15.2254408505367,15.1605789201024,"293FD"
"125",113,"shh_15.0_05_256_D","FVB",530,15,256,"FD",0,2,0,2,0,1,"0_2_2_1","331_0_2_2_1","y",331,"256FD",15,"7/24/2014","FVB",256,"FD",5,TRUE,15,5.54517744447956,"FD",0,5.50593111588365,14.8621201817546,14.9469991933465,5.52830152318332,14.910501218362,14.9335710539563,14.5313503011266,15.3255567685555,"001",14.9339637442606,14.8694257438098,"256FD"
"126",8,"shh_15.0_06_285_D","FVB",535,15,285,"FD",0,2,0,2,1,1,"0_2_2_1","331_0_2_2_1","-",331,"285FD",15,"7/24/2014","FVB",285,"FD",5,TRUE,15,5.65248918026865,"FD",0,5.61324285167274,15.0942059434515,15.1790849550434,5.63561325897241,15.1425869800589,15.1659197646251,14.7666206919381,15.562071445991,"001",15.1659952731438,15.1006848319176,"285FD"
"127",9,"shh_15.0_06_285_D","FVB",536,15,285,"FD",0,2,0,2,1,1,"0_2_2_1","331_0_2_2_1","-",331,"285FD",15,"7/24/2014","FVB",285,"FD",5,TRUE,15,5.65248918026865,"FD",0,5.61324285167274,15.0942059434515,15.1790849550434,5.63561325897241,15.1425869800589,15.1659197646251,14.7666206919381,15.562071445991,"001",15.1659952731438,15.1006848319176,"285FD"
"128",20,"shh_15.0_08_259_FD","FVB",531,15,259,"FD",0,2,0,2,1,1,"0_2_2_1","331_0_2_2_1","-",331,"259FD",15,"7/24/2014","FVB",259,"FD",5,TRUE,15,5.55682806169954,"FD",0,5.51758173310363,14.8873172615693,14.9721962731612,5.5399521404033,14.9356982981767,14.9587667389082,14.5565388838269,15.3505832324066,"001",14.9592677865409,14.8944425132931,"259FD"
"129",21,"shh_15.0_08_259_FD","FVB",532,15,259,"FD",0,2,0,2,1,1,"0_2_2_1","331_0_2_2_1","-",331,"259FD",15,"7/24/2014","FVB",259,"FD",5,TRUE,15,5.55682806169954,"FD",0,5.51758173310363,14.8873172615693,14.9721962731612,5.5399521404033,14.9356982981767,14.9587667389082,14.5565388838269,15.3505832324066,"001",14.9592677865409,14.8944425132931,"259FD"
"130",150,"shh_15.0_09_285_FD","FVB",535,15,285,"FD",0,2,0,2,1,1,"0_2_2_1","331_0_2_2_1","y",331,"285FD",15,"7/24/2014","FVB",285,"FD",5,TRUE,15,5.65248918026865,"FD",0,5.61324285167274,15.0942059434515,15.1790849550434,5.63561325897241,15.1425869800589,15.1659197646251,14.7666206919381,15.562071445991,"001",15.1659952731438,15.1006848319176,"285FD"
"131",151,"shh_15.0_09_285_FD","FVB",536,15,285,"FD",0,2,0,2,1,1,"0_2_2_1","331_0_2_2_1","y",331,"285FD",15,"7/24/2014","FVB",285,"FD",5,TRUE,15,5.65248918026865,"FD",0,5.61324285167274,15.0942059434515,15.1790849550434,5.63561325897241,15.1425869800589,15.1659197646251,14.7666206919381,15.562071445991,"001",15.1659952731438,15.1006848319176,"285FD"
"132",127,"shh_16.0_01_356_E","FVB",580,16,356,"FE",0,2,0,2,1,1,"0_2_2_1","331_0_2_2_1","-",331,"356FE",16,"7/31/2014","FVB",356,"FF",5,FALSE,16,5.87493073085203,"FF",1,5.93668084846489,15.7937133486321,15.6601648324733,5.90148328142556,15.7175906944216,15.6900740251821,15.2917211995127,16.0988982394608,"001",15.6588763153176,15.7756427871499,"356FF"
"133",118,"shh_16.0_02_402_E","FVB",582,16,402,"FE",0,2,0,2,1,1,"0_2_2_1","331_0_2_2_1","-",331,"402FE",16,"7/31/2014","FVB",402,"FF",5,FALSE,16,5.99645208861902,"FF",1,6.05820220623188,16.0565306134206,15.9229820972618,6.02300463919255,15.9804079592101,15.9542515335164,15.5476559495833,16.3737806277895,"001",15.9216699253416,16.0381022053679,"402FF"
"134",176,"shh_16.0_03_437_E","FVB",586,16,437,"FE",0,2,0,2,1,1,"0_2_2_1","331_0_2_2_1","Y",331,"437FE",16,"7/31/2014","FVB",437,"FF",5,FALSE,16,6.07993319509559,"FF",1,6.14168331270845,16.2370772800219,16.1035287638631,6.10648574566912,16.1609546258114,16.1343932870616,15.724314492799,16.5640708579847,"001",16.1017678694392,16.2184978392108,"437FF"
"135",141,"shh_16.0_04_394_F","FVB",581,16,394,"FF",0,2,0,2,1,1,"0_2_2_1","331_0_2_2_1","-",331,"394FF",16,"7/31/2014","FVB",394,"FF",5,TRUE,16,5.97635090929793,"FF",1,6.0381010269108,16.0130572926376,15.8795087764788,6.00290345987147,15.9369346384271,15.9106599446364,15.5051508485145,16.3276095800906,"001",15.8783226100402,15.994684647795,"394FF"
"136",197,"shh_16.0_05_416_F","FVB",585,16,416,"FF",0,2,0,2,2,1,"0_2_2_1","331_0_2_2_1","y",331,"416FF",16,"7/31/2014","FVB",416,"FF",5,TRUE,16,6.03068526026126,"FF",1,6.09243537787413,16.1305675457046,15.9970190295458,6.05723781083479,16.0544448914941,16.0279825302117,15.6203663588932,16.4521944553208,"001",15.9954933428975,16.1120045798099,"416FF"
"137",114,"shh_16.0_06_404_F","FVB",583,16,404,"FF",0,2,0,2,1,1,"0_2_2_1","331_0_2_2_1","y",331,"404FF",16,"7/31/2014","FVB",404,"FF",5,TRUE,16,6.00141487796115,"FF",1,6.06316499557401,16.0672637614416,15.9337152452828,6.02796742853468,15.9911411072311,15.9650048310959,15.558440669942,16.3852334280713,"001",15.9324889856732,16.0488486550362,"404FF"
"138",14,"shh_13.5_05_86_I","FVB",639,13.5,86,"FI",0,0,0,0,0,0,"0_0_0_0","097_0_0_0_0","y",97,"86FI",13.5,"10/17/2014","FVB",86,"FI",6,TRUE,13.5,4.45434729625351,"FI",-1.5,4.62191738529575,12.9502416858433,12.5878336838944,4.52640243454167,12.7436691247324,12.66244927386,12.1740472788313,13.0972426217504,"001",12.6029688898979,12.9146830625958,"86FI"
"139",28,"shh_13.5_06_109_I","FVB",642,13.5,109,"FI",0,0,0,0,0,0,"0_0_0_0","097_0_0_0_0","y",97,"109FI",13.5,"10/17/2014","FVB",109,"FI",6,TRUE,13.5,4.69134788222914,"FI",-1.5,4.85891797127139,13.462808751452,13.100400749503,4.76340302051731,13.2562361903411,13.1760832646118,12.7212319257584,13.5925675801828,"001",13.1157982047798,13.4272197027412,"109FI"
"140",54,"shh_13.5_07_136_I","FVB",645,13.5,136,"FI",2,0,0,0,0,1,"2_0_0_1","143_2_0_0_1","-",143,"136FI",13.5,"10/17/2014","FVB",136,"FI",6,TRUE,13.5,4.91265488573605,"FI",-1.5,5.08022497477829,13.9414349156836,13.5790269137347,4.98471002402422,13.7348623545727,13.6548234531547,13.223786318721,14.0594136456054,"001",13.5927697975165,13.9040534484063,"136FI"
"141",52,"shh_14.0_07_130_FJ","FVB",370,14,130,"FJ",2,0,0,0,0,1,"2_0_0_1","143_2_0_0_1","Y",143,"130FJ",14,"12/8/2014","FVB",130,"FJ",2,TRUE,14,4.86753445045558,"FJ",-1,5.00520558202987,13.7791886079519,13.4814438254251,4.92673303703253,13.6094740819116,13.5428571466073,13.098090139261,13.9523929174654,"001",13.4896868208095,13.744934375905,"130FJ"
"142",55,"shh_14.0_08_141_FJ","FVB",372,14,141,"FJ",2,0,0,0,0,1,"2_0_0_1","143_2_0_0_1","Y",143,"141FJ",14,"12/8/2014","FVB",141,"FJ",2,TRUE,14,4.94875989037817,"FJ",-1,5.08643102195246,13.9548568883593,13.6571121058325,5.00795847695511,13.785142362319,13.7184025311469,13.2804246756952,14.125082665199,"001",13.6650459810169,13.9203451526648,"141FJ"
"143",90,"shh_14.0_09_148_FJ","FVB",373,14,148,"FJ",1,0,0,0,0,1,"1_0_0_1","168_1_0_0_1","Y",168,"148FJ",14,"12/8/2014","FVB",148,"FJ",2,TRUE,14,4.99721227376411,"FJ",-1,5.1348834053384,14.0596460637601,13.7619012812332,5.05641086034106,13.8899315377198,13.8237322917641,13.3895491400623,14.2282076768034,"001",13.7696131212577,14.0247459147053,"148FJ"
"144",192,"shh_14.0_10_159_FJ","FVB",375,14,159,"FJ",0,0,0,0,0,1,"0_0_0_1","168_0_0_0_1","Y",168,"159FJ",14,"12/8/2014","FVB",159,"FJ",2,TRUE,14,5.06890420222023,"FJ",-1,5.20657533379452,14.214695981655,13.9169511991282,5.12810278879718,14.0449814556147,13.9793858024861,13.5509893119666,14.3806031538824,"001",13.9246239790118,14.1799695421649,"159FJ"
"145",56,"shh_14.0_13_152_FJ","FVB",374,14,152,"FJ",2,0,0,0,0,1,"2_0_0_1","143_2_0_0_1","y",143,"152FJ",14,"12/8/2014","FVB",152,"FJ",2,TRUE,14,5.02388052084628,"FJ",-1,5.16155165242056,14.1173221454269,13.8195773629001,5.08307910742322,13.9476076193866,13.8817051780269,13.4498318684746,14.2853521332405,"001",13.8271764491576,14.0825321508316,"152FJ"
"146",18,"shh_13.5_09_101_FK","FVB",290,13.5,101,"FK",0,0,0,0,0,0,"0_0_0_0","097_0_0_0_0","Y",97,"101FK",13.5,"12/10/2014","FVB",101,"FK",4,TRUE,13.5,4.61512051684126,"FK",-1.5,4.92499702321291,13.6057195616191,12.9355419292807,4.74836741458107,13.2237183111862,13.064719158483,12.5883719249528,13.4885106024811,"001",12.9660013793874,13.5261363797831,"101FK"
"147",19,"shh_13.5_10_105_FK","FVB",291,13.5,105,"FK",0,0,0,0,0,0,"0_0_0_0","097_0_0_0_0","-",97,"105FK",13.5,"12/10/2014","FVB",105,"FK",4,TRUE,13.5,4.65396035015752,"FK",-1.5,4.96383685652918,13.6897194357532,13.0195418034147,4.78720724789734,13.3077181853203,13.1485230685354,12.6777632638912,13.5705288235198,"001",13.0497577576851,13.6096359905839,"105FK"
"148",15,"shh_13.5_11_88_FK","FVB",286,13.5,88,"FK",0,0,0,0,0,0,"0_0_0_0","097_0_0_0_0","-",97,"88FK",13.5,"12/10/2014","FVB",88,"FK",4,TRUE,13.5,4.47733681447821,"FK",-1.5,4.78721332084986,13.3077313194458,12.6375536871074,4.61058371221802,12.9257300690129,12.7657744688901,12.271075656088,13.2025474776131,"001",12.6681316707576,13.2294951543455,"88FK"
"149",112,"shh_13.5_12_108_FK","FVB",292,13.5,108,"FK",2,0,0,0,0,0,"2_0_0_0","120_2_0_0_0","y",120,"108FK",13.5,"12/10/2014","FVB",106,"FK",4,FALSE,13.5,4.66343909411207,"FK",-1.5,4.97331560048372,13.7102193512046,13.0400417188661,4.79668599185188,13.3282181007717,13.1689849457331,12.6994496469439,13.5909585580245,"001",13.070390715995,13.6301457171683,"106FK"
"150",189,"shh_14.5_06_155_FL","FVB",414,14.5,155,"FL",0,0,0,0,0,1,"0_0_0_1","168_0_0_0_1","Y",168,"155FL",14.5,"12/11/2014","FVB",155,"FL",5,TRUE,14.5,5.04342511691925,"FL",-0.5,5.04795641662486,13.8716469018859,13.8618469472405,5.04537357579266,13.8660609277381,13.8704777253579,13.4387662291857,14.2698411125795,"001",13.8584815727666,13.8732309636349,"155FL"
"151",91,"shh_14.5_07_193_FL","FVB",415,14.5,193,"FL",0,1,0,1,0,1,"0_1_1_1","211_0_1_1_1","Y",211,"193FL",14.5,"12/11/2014","FVB",193,"FL",5,TRUE,14.5,5.26269018890489,"FL",-0.5,5.2672214886105,14.3458569299983,14.3360569753529,5.2646386477783,14.3402709558504,14.345341780351,13.9293060815703,14.737900457423,"001",14.3312930487387,14.3467409872002,"193FL"
"152",92,"shh_14.5_08_221_FL","FVB",418,14.5,221,"FL",0,2,0,1,0,1,"0_2_1_1","235_0_2_1_1","Y",235,"221FL",14.5,"12/11/2014","FVB",221,"FL",5,TRUE,14.5,5.39816270151775,"FL",-0.5,5.40269400122337,14.6388467045794,14.629046749934,5.40011116039117,14.6332607304315,14.638639396884,14.2278381783004,15.0343839176771,"001",14.6242325644258,14.6397977066538,"221FL"
"153",115,"shh_14.5_09_246_FL","FVB",420,14.5,246,"FL",0,2,0,2,1,1,"0_2_2_1","331_0_2_2_1","Y",331,"246FL",14.5,"12/11/2014","FVB",246,"FL",5,TRUE,14.5,5.50533153593236,"FL",-0.5,5.50986283563798,14.8706234099174,14.860823455272,5.50727999480578,14.8650374357695,14.8708370797207,14.4614521332709,15.2688674505415,"001",14.8557139536992,14.8707335373545,"246FL"
"154",76,"shh_14.0_11_195_FP","FVB",428,14,195,"FP",0,1,0,1,0,1,"0_1_1_1","211_0_1_1_1","y",211,"195FP",14.5,"2/25/2015","FVB",195,"FP",4,TRUE,14.5,5.27299955856375,"FP",-0.5,5.29494297558144,14.405810879785,14.3583533056871,5.28243522788136,14.3787600625492,14.3723431478372,13.9605169589499,14.7761698704198,"001",14.3539350766361,14.3976698500943,"195FP"
"155",178,"shh_14.0_12_199_FP","FVB",432,14,199,"FP",0,2,0,1,0,1,"0_2_1_1","235_0_2_1_1","y",235,"199FP",14.5,"2/25/2015","FVB",199,"FP",4,TRUE,14.5,5.29330482472449,"FP",-0.5,5.31524824174219,14.4497255842553,14.4022680101574,5.3027404940421,14.4226747670195,14.4163806464915,14.0056350752073,14.8207899143852,"001",14.3977432689131,14.4413582789153,"199FP"
"156",140,"shh_14.5_12_205_FP","FVB",434,14.5,205,"FP",0,2,0,1,0,1,"0_2_1_1","235_0_2_1_1","y",235,"205FP",14.5,"2/25/2015","FVB",205,"FP",4,TRUE,14.5,5.32300997913841,"FP",-0.5,5.3449533961561,14.5139696609892,14.4665120868913,5.33244564845602,14.4869188437534,14.4807633022403,14.0715860107512,14.8857235501045,"001",14.4617971216503,14.5054429255071,"205FP"
"157",194,"shh_14.5_27_183_FQ","FVB",441,14.5,183,"FQ",0,0,0,0,0,1,"0_0_0_1","168_0_0_0_1","y",168,"183FQ",14.5,"2/26/2015","FVB",183,"FQ",5,TRUE,14.5,5.20948615284142,"FQ",-0.5,5.33743565342557,14.4977108516891,14.2209912824503,5.26450443809261,14.339980697223,14.2760420453337,13.8657153984401,14.6682337020279,"001",14.2302479430729,14.458289545756,"183FQ"
"158",119,"shh_14.5_28_184_FQ","FVB",442,14.5,184,"FQ",0,1,0,1,0,1,"0_1_1_1","211_0_1_1_1","-",211,"184FQ",14.5,"2/26/2015","FVB",184,"FQ",5,TRUE,14.5,5.21493575760899,"FQ",-0.5,5.34288525819314,14.5094968475462,14.2327772783074,5.26995404286017,14.3517666930801,14.2878949941275,13.8781188599984,14.6803275895263,"001",14.2419641438043,14.4699788318933,"184FQ"
"159",77,"shh_14.5_30_189_FQ","FVB",445,14.5,189,"FQ",0,1,0,1,0,1,"0_1_1_1","211_0_1_1_1","y",211,"189FQ",14.5,"2/26/2015","FVB",189,"FQ",5,TRUE,14.5,5.24174701505964,"FQ",-0.5,5.36969651564379,14.5674822212962,14.2907626520574,5.29676530031083,14.4097520668301,14.3456807041504,13.9378048826932,14.7388601407483,"001",14.3000490033863,14.5280813676853,"189FQ"
"160",193,"shh_14.5_10_161_FR","FVB",448,14.5,161,"FR",1,0,0,0,0,1,"1_0_0_1","168_1_0_0_1","-",168,"161FR",14.5,"3/4/2015","FVB",161,"FR",4,TRUE,14.5,5.08140436498446,"FR",-0.5,5.21787786854864,14.239140254858,13.9439856122344,5.14008797151706,14.0709021085626,13.9997462439673,13.5750582594033,14.4056637213951,"001",13.9546267605957,14.2071658363808,"161FR"
"161",58,"shh_14.5_11_163_FR","FVB",450,14.5,163,"FR",0,0,0,0,0,1,"0_0_0_1","168_0_0_0_1","y",168,"163FR",14.5,"3/4/2015","FVB",163,"FR",4,TRUE,14.5,5.09375020080676,"FR",-0.5,5.23022370437094,14.2658409012462,13.9706862586226,5.15243380733936,14.0976027549507,14.0264470781724,13.6034040314859,14.4315577950722,"001",13.9813875308202,14.233724207529,"163FR"
"162",167,"shh_14.5_20_332_FS","FVB",456,14.5,332,"FS",0,2,0,2,0,1,"0_2_2_1","331_0_2_2_1","-",331,"332FS",14.5,"4/28/2015","FVB",332,"FS",3,TRUE,14.5,5.80513496891649,"FS",-0.5,5.28880165410678,14.3925288909904,15.509215801103,5.58311164354831,15.0290404297546,15.2852971566179,14.8784496801299,15.7253821069952,"001",15.4459976468764,14.5333078759921,"332FS"
"163",168,"shh_14.5_21_344_FS","FVB",458,14.5,344,"FS",0,2,0,2,0,1,"0_2_2_1","331_0_2_2_1","Y",331,"344FS",14.5,"4/28/2015","FVB",344,"FS",3,TRUE,14.5,5.8406416573734,"FS",-0.5,5.32430834256369,14.469320089784,15.5860069998965,5.61861833200522,15.1058316285481,15.3627542785584,14.9539086983479,15.8053998010591,"001",15.5229266711074,14.6102162251529,"344FS"
"164",169,"shh_14.5_22_353_FS","FVB",459,14.5,353,"FS",0,2,0,2,1,1,"0_2_2_1","331_0_2_2_1","-",331,"353FS",14.5,"4/28/2015","FVB",353,"FS",3,TRUE,14.5,5.8664680569333,"FS",-0.5,5.35013474212359,14.5251754868631,15.6418623969756,5.64444473156512,15.1616870256272,15.4189206566058,15.0098371016821,15.8630935808182,"001",15.578559591534,14.6656378771984,"353FS"
"165",170,"shh_14.5_23_356_FS","FVB",460,14.5,356,"FS",0,2,0,2,1,1,"0_2_2_1","331_0_2_2_1","-",331,"356FS",14.5,"4/28/2015","FVB",356,"FS",3,TRUE,14.5,5.87493073085203,"FS",-0.5,5.35859741604232,14.5434779223608,15.6601648324733,5.65290740548386,15.1799894611249,15.4374250103914,15.0282130471602,15.8822467177284,"001",15.5969759014992,14.6837949219706,"356FS"
"166",195,"shh_14.5_24_359_FS","FVB",461,14.5,359,"FS",0,2,0,2,2,1,"0_2_2_1","331_0_2_2_1","y",331,"359FS",14.5,"4/28/2015","FVB",359,"FS",3,TRUE,14.5,5.88332238848828,"FS",-0.5,5.36698907367857,14.5616267691769,15.6783136792894,5.6612990631201,15.198138307941,15.4555943805263,15.0462197688721,15.9015093048798,"001",15.6149400748641,14.701906303621,"359FS"
"167",196,"shh_14.5_25_373_FS","FVB",463,14.5,373,"FS",0,2,0,2,2,1,"0_2_2_1","331_0_2_2_1","y",331,"373FS",14.5,"4/28/2015","FVB",373,"FS",3,TRUE,14.5,5.92157841964382,"FS",-0.5,5.40524510483411,14.6443640398486,15.7610509499611,5.69955509427564,15.2808755786128,15.5385906557578,15.1279715315118,15.9885840387483,"001",15.6975810632011,14.7845741378683,"373FS"
"168",104,"shh_13.5_21_136_FU","FVB",311,13.5,136,"FU",1,0,0,0,0,1,"1_0_0_1","168_1_0_0_1","-",168,"136FU",13.5,"4/29/2015","FVB",136,"FU",4,TRUE,13.5,4.91265488573605,"FU",-1.5,4.91437957601236,13.5827569443183,13.5790269137347,4.91339650255487,13.5806308268856,13.5756871032434,13.1425447884378,13.9774601464604,"001",13.5739089881523,13.5789316291366,"136FU"
"169",146,"shh_13.5_22_143_FU","FVB",312,13.5,143,"FU",1,0,0,0,0,1,"1_0_0_1","168_1_0_0_1","-",168,"143FU",13.5,"4/29/2015","FVB",143,"FU",4,TRUE,13.5,4.96284463025991,"FU",-1.5,4.96456932053622,13.6913035538903,13.6875735233067,4.96358624707872,13.6891774364576,13.6845941893638,13.2542435953418,14.0850605941512,"001",13.6821358681043,13.6872566465404,"143FU"
"170",137,"shh_13.5_14_112_FV","FVB",313,13.5,112,"FV",2,0,0,0,0,0,"2_0_0_0","120_2_0_0_0","-",120,"112FV",13.5,"4/30/2015","FVB",112,"FV",5,TRUE,13.5,4.71849887129509,"FV",-1.5,4.74455609483251,13.2154754751123,13.1591208692724,4.72970347741618,13.1833533497836,13.1703075012864,12.7212645206345,13.5760786505118,"001",13.1553006677485,13.2069599470709,"112FV"
"171",188,"shh_13.5_15_132_FV","FVB",317,13.5,132,"FV",2,0,0,0,0,1,"2_0_0_1","143_2_0_0_1","y",143,"132FV",13.5,"4/30/2015","FVB",132,"FV",5,TRUE,13.5,4.88280192258637,"FV",-1.5,4.90885914612379,13.5708177732093,13.5144631673694,4.89400652870746,13.5386956478806,13.5269172172447,13.094051586303,13.9249712339264,"001",13.5114410079669,13.5611463011663,"132FV"
"172",190,"shh_13.5_16_135_FV","FVB",318,13.5,135,"FV",2,0,0,0,0,1,"2_0_0_1","143_2_0_0_1","-",143,"135FV",13.5,"4/30/2015","FVB",135,"FV",5,TRUE,13.5,4.90527477843843,"FV",-1.5,4.93133200197585,13.6194203778506,13.5630657720107,4.91647938455952,13.5872982525219,13.5754521107447,13.1437635274222,13.9733631479681,"001",13.5600544680823,13.6095439854762,"135FV"
"173",172,"shh_13.5_17_137_FV","FVB",319,13.5,137,"FV",0,0,0,0,0,1,"0_0_0_1","168_0_0_0_1","y",168,"137FV",13.5,"4/30/2015","FVB",137,"FV",5,TRUE,13.5,4.91998092582813,"FV",-1.5,4.94603814936554,13.6512257288075,13.5948711229676,4.93118553194921,13.6191036034788,13.6072939370347,13.176315773756,14.0051217094495,"001",13.5920114423559,13.6413429009229,"137FV"
"174",191,"shh_13.5_18_138_FV","FVB",320,13.5,138,"FV",2,0,0,0,0,1,"2_0_0_1","143_2_0_0_1","-",143,"138FV",13.5,"4/30/2015","FVB",138,"FV",5,TRUE,13.5,4.92725368515721,"FV",-1.5,4.95331090869462,13.6669547064083,13.6106001005684,4.93845829127829,13.6348325810796,13.6231601621254,13.1931572838691,14.0205643659204,"001",13.6078694629827,13.6570397111615,"138FV"
"175",142,"shh_13.5_19_126_FV","FVB",315,13.5,126,"FV",2,0,0,0,0,0,"2_0_0_0","120_2_0_0_0","y",120,"126FV",13.5,"4/30/2015","FVB",126,"FV",5,TRUE,13.5,4.83628190695148,"FV",-1.5,4.86233913048889,13.4702077776353,13.4138531717954,4.84748651307257,13.4380856523066,13.4262097286045,12.9890739269463,13.8262331647395,"001",13.4102007759254,13.4609888894918,"126FV"
"176",143,"shh_13.5_20_127_FV","FVB",316,13.5,127,"FV",2,0,0,0,0,0,"2_0_0_0","120_2_0_0_0","y",120,"127FV",13.5,"4/30/2015","FVB",127,"FV",5,TRUE,13.5,4.84418708645859,"FV",-1.5,4.87024430999601,13.4873045060944,13.4309499002545,4.85539169257968,13.4551823807656,13.4434665586406,13.0071461728198,13.8425871768968,"001",13.4273497273551,13.4780596415572,"127FV"
"177",128,"shh_14.5_16_310_FW","FVB",465,14.5,310,"FW",0,2,0,2,0,1,"0_2_2_1","331_0_2_2_1","-",331,"310FW",14.5,"5/12/2015","FVB",310,"FW",3,TRUE,14.5,5.73657229747919,"FW",-0.5,5.30003327473579,14.4168197964502,15.3609336052416,5.54886051769953,14.9549646674613,15.1729295169137,14.7771752491215,15.5975387879994,"001",15.3071180241766,14.5373752688276,"310FW"
"178",78,"shh_14.5_17_325_FW","FVB",468,14.5,325,"FW",0,2,0,2,1,1,"0_2_2_1","331_0_2_2_1","Y",331,"325FW",14.5,"5/12/2015","FVB",325,"FW",3,TRUE,14.5,5.78382518232974,"FW",-0.5,5.34728615958633,14.5190147865161,15.4631285953074,5.59611340255007,15.0571596575272,15.2751685646648,14.8809429881185,15.7037546020529,"001",15.4092738657554,14.6391327880481,"325FW"
"179",124,"shh_14.5_18_340_FW","FVB",471,14.5,340,"FW",0,2,0,2,1,1,"0_2_2_1","331_0_2_2_1","-",331,"340FW",14.5,"5/12/2015","FVB",340,"FW",3,TRUE,14.5,5.82894561761021,"FW",-0.5,5.3924065948668,14.6165978748257,15.5607116836171,5.64123383783054,15.1547427458368,15.3723629820861,14.9773870713766,15.8051388373923,"001",15.5068227885036,14.7365605278768,"340FW"
"180",144,"shh_14.5_19_349_FW","FVB",473,14.5,349,"FW",0,2,0,2,1,1,"0_2_2_1","331_0_2_2_1","-",331,"349FW",14.5,"5/12/2015","FVB",349,"FW",3,TRUE,14.5,5.85507192220243,"FW",-0.5,5.41853289945902,14.6731018839821,15.6172156927734,5.66736014242276,15.2112467549931,15.4287772431978,15.0329618834179,15.8632500820992,"001",15.5632195029274,14.7928213486695,"349FW"
"181",16,"shh_13.0_01_90_FX","FVB",271,13,90,"FX",0,0,0,0,0,0,"0_0_0_0","097_0_0_0_0","Y",97,"90FX",13,"5/12/2015","FVB",90,"FX",3,TRUE,13,4.49980967033027,"FX",-2,4.57510286582909,12.8489947595029,12.6861562917487,4.53218574439476,12.756176832883,12.7135177661869,12.2513680340069,13.1460378183533,"001",12.686840828128,12.8381666052103,"90FX"
"182",17,"shh_13.0_02_100_FX","FVB",273,13,100,"FX",0,0,0,0,0,0,"0_0_0_0","097_0_0_0_0","Y",97,"100FX",13,"5/12/2015","FVB",100,"FX",3,TRUE,13,4.60517018598809,"FX",-2,4.68046338148691,13.0768605688613,12.9140221011071,4.63754626005259,12.9840426422414,12.9417770801145,12.4942805635072,13.3657021339385,"001",12.9144859985071,13.0657678550968,"100FX"
"183",36,"shh_13.0_03_86_FX","FVB",269,13,86,"FX",0,0,0,0,0,0,"0_0_0_0","097_0_0_0_0","-",97,"86FX",13,"5/12/2015","FVB",86,"FX",3,TRUE,13,4.45434729625351,"FX",-2,4.52964049175233,12.7506721516486,12.5878336838944,4.486723370318,12.6578542250287,12.6150774903372,12.1452840604176,13.0526051620279,"001",12.5883069395948,12.7399317648973,"86FX"
"184",41,"shh_13.0_05_91_FX","FVB",272,13,91,"FX",0,0,0,0,0,0,"0_0_0_0","097_0_0_0_0","y",97,"91FX",13,"5/12/2015","FVB",91,"FX",3,TRUE,13,4.51085950651685,"FX",-2,4.58615270201567,12.8728925152249,12.7100540474707,4.54323558058134,12.780074588605,12.7374775377064,12.2766530900248,13.16835900255,"001",12.7106665695135,12.8619537377647,"91FX"
"185",43,"shh_13.0_06_102_FX","FVB",274,13,102,"FX",0,0,0,0,0,0,"0_0_0_0","097_0_0_0_0","y",97,"102FX",13,"5/12/2015","FVB",102,"FX",3,TRUE,13,4.62497281328427,"FX",-2,4.70026600878309,13.1196882037499,12.9568497359957,4.65734888734876,13.02687027713,12.9846870219465,12.5392333161127,13.4061546759927,"001",12.9574692954757,13.1085593474417,"102FX"
"186",44,"shh_13.0_07_108_FX","FVB",276,13,108,"FX",0,0,0,0,0,0,"0_0_0_0","097_0_0_0_0","-",97,"108FX",13,"5/12/2015","FVB",108,"FX",3,TRUE,13,4.68213122712422,"FX",-2,4.75742442262304,13.2433061278836,13.0804676601294,4.71450730118871,13.1504882012637,13.1088896440573,12.6699210585222,13.5273992855516,"001",13.0814671711787,13.2321870091925,"108FX"
"187",73,"shh_14.5_14_190_FZ","FVB",475,14.5,190,"FZ",0,1,0,1,0,1,"0_1_1_1","211_0_1_1_1","y",211,"190FZ",14.5,"5/13/2015","FVB",190,"FZ",4,TRUE,14.5,5.24702407216049,"FZ",-0.5,5.26720397750823,14.3458190583016,14.3021754747814,5.25570143146001,14.3209422156951,14.3218846954781,13.9042938507268,14.7159806278167,"001",14.2975328997616,14.3399669796852,"190FZ"
"188",23,"shh_14.5_15_206_FZ","FVB",477,14.5,206,"FZ",0,2,0,1,0,1,"0_2_1_1","235_0_2_1_1","-",235,"206FZ",14.5,"5/13/2015","FVB",206,"FZ",4,TRUE,14.5,5.32787616878958,"FZ",-0.5,5.34805607413732,14.5206798998766,14.4770363163565,5.33655352808911,14.4958030572702,14.4971338596206,14.0819550866436,14.8921311369464,"001",14.4719028681124,14.5141504953894,"206FZ"
"189",24,"shh_14.5_32_207_FZ","FVB",478,14.5,207,"FZ",0,1,0,1,0,1,"0_1_1_1","211_0_1_1_1","y",211,"207FZ",14.5,"5/13/2015","FVB",207,"FZ",4,TRUE,14.5,5.33271879326537,"FZ",-0.5,5.35289869861311,14.5311531643506,14.4875095808304,5.3413961525649,14.5062763217441,14.507598057171,14.0928224583177,14.9028210431793,"001",14.4823543081907,14.5245030829132,"207FZ"
"190",42,"shh_14.5_34_209_FZ","FVB",479,14.5,209,"FZ",0,1,0,1,0,1,"0_1_1_1","211_0_1_1_1","-",211,"209FZ",14.5,"5/13/2015","FVB",209,"FZ",4,TRUE,14.5,5.34233425196481,"FZ",-0.5,5.36251415731255,14.5519487561832,14.5083051726631,5.35101161126434,14.5270719135768,14.5284380524311,14.1142432520977,14.9235073617606,"001",14.5030209894727,14.5454183969526,"209FZ"
"191",99,"shh_14.5_35_212_FZ","FVB",480,14.5,212,"FZ",0,1,0,1,0,1,"0_1_1_1","211_0_1_1_1","y",211,"212FZ",14.5,"5/13/2015","FVB",212,"FZ",4,TRUE,14.5,5.35658627467201,"FZ",-0.5,5.37676618001975,14.5827719603873,14.5391283768672,5.36526363397154,14.5578951177809,14.5592769755944,14.14504316889,14.954709557299,"001",14.533930250893,14.5762692247031,"212FZ"
"192",95,"shh_14.5_36_214_FZ","FVB",481,14.5,214,"FZ",0,2,0,1,0,1,"0_2_1_1","235_0_2_1_1","y",235,"214FZ",14.5,"5/13/2015","FVB",214,"FZ",4,TRUE,14.5,5.36597601502185,"FZ",-0.5,5.38615592036959,14.6030793855278,14.5594358020076,5.37465337432138,14.5782025429213,14.5796292109399,14.1652704923887,14.9751417456447,"001",14.5542217624477,14.5965771220403,"214FZ"
