,X,ID,Strain.x,ident,Age,Weight.x,mediantemps,Date.x,Clutch,shh_R2_spot,shh_M1_spot,shh_M2_spot,cap_transition,M1_spot_split_LR,shboob,Total_state,stateord,Symmetry,groupwt,nid.x,Age.dpc.,Date.y,Strain.y,Weight.y,Litter,Weekday,indata,age,poids,portee,agerel,poidscor,agecor,agepreditsanscor,poidscor2,agecor2,dev01,dev.inf,dev.sup,sd,dev05,dev15,nid.y
173,173,shh_13.5_05_67_DQ,DUHi,28,13.5,67,13.032,3/20/2014,DQ,0,0,0,0,0,0,0_0_0_0,097_0_0_0_0,Y,97,67DQ,13.5,7/30/2014,DUHi,67,DQ,4,TRUE,13.5,4.2046926194,DQ,-1.5,4.3139624707,12.8488557543,12.6448828634,4.2516786554,12.7325912065,12.6946649485,12.2762610704,13.0863898158,1,12.6630594613,12.8297512386,67DQ
174,174,shh_13.5_05_67_DQ,DUHi,28,13.5,67,13.032,03/05/14,DQ,0,0,0,0,0,0,0_0_0_0,097_0_0_0_0,Y,97,67DQ,13.5,7/30/2014,DUHi,67,DQ,4,TRUE,13.5,4.2046926194,DQ,-1.5,4.3139624707,12.8488557543,12.6448828634,4.2516786554,12.7325912065,12.6946649485,12.2762610704,13.0863898158,1,12.6630594613,12.8297512386,67DQ
5,5,shh_13.5_07_72_DC,DUHi,28,13.5,72,13.03,7/30/2014,DC,0,0,0,0,0,0,0_0_0_0,097_0_0_0_0,-,97,72DC,13.5,7/30/2014,DUHi,67,DQ,4,TRUE,13.5,4.2046926194,DQ,-1.5,4.3139624707,12.8488557543,12.6448828634,4.2516786554,12.7325912065,12.6946649485,12.2762610704,13.0863898158,1,12.6630594613,12.8297512386,67DQ
175,175,shh_13.0_03_86_FX,FVB,269,13,86,12.862,7/30/2014,FX,0,0,0,0,0,0,0_0_0_0,097_0_0_0_0,y,97,86FX,13,5/12/2015,FVB,86,FX,3,TRUE,13,4.4543472963,FX,-2,4.5296404918,12.7506721516,12.5878336839,4.4867233703,12.657854225,12.6150774903,12.1452840604,13.052605162,1,12.5883069396,12.7399317649,86FX
176,176,shh_13.0_04_87_FX,FVB,270,13,87,12.75,05/12/15,FX,0,0,0,0,0,0,0_0_0_0,097_0_0_0_0,-,97,87FX,13,5/12/2015,FVB,87,FX,3,TRUE,13,4.4659081187,FX,-2,4.5412013142,12.77567503,12.6128365622,4.4982841927,12.6828571034,12.6403050777,12.1722435293,13.0765377941,1,12.6133019046,12.7648569408,87FX
177,177,shh_13.5_11_88_FK,FVB,286,13.5,88,12.783,05/12/15,FK,2,0,0,0,0,0,2_0_0_0,123_2_0_0_0,-,123,88FK,13.5,12/10/2014,FVB,88,FK,4,TRUE,13.5,4.4773368145,FK,-1.5,4.7872133208,13.3077313194,12.6375536871,4.6105837122,12.925730069,12.7657744689,12.2710756561,13.2025474776,1,12.6681316708,13.2294951543,88FK
178,178,shh_13.5_07_88_FK,FVB,286,13.5,88,13.267,12/10/14,FK,0,0,0,0,0,0,0_0_0_0,097_0_0_0_0,Y,97,88FK,13.5,12/10/2014,FVB,88,FK,4,TRUE,13.5,4.4773368145,FK,-1.5,4.7872133208,13.3077313194,12.6375536871,4.6105837122,12.925730069,12.7657744689,12.2710756561,13.2025474776,1,12.6681316708,13.2294951543,88FK
9,9,shh_13.5_14_89_DC,DUHi,30,13.5,89,13.375,7/30/2014,DC,0,0,0,0,0,0,0_0_0_0,097_0_0_0_0,-,97,89DC,13.5,7/30/2014,DUHi,91,DQ,4,FALSE,13.5,4.5108595065,DQ,-1.5,4.6201293578,13.4203742867,13.2164013959,4.5578455426,13.3041097389,13.2632892176,12.8781598206,13.6299288539,1,13.2339896294,13.3994387994,91DQ
179,179,shh_13.0_01_90_FX,FVB,271,13,90,12.852,05/12/15,FX,0,0,0,0,0,0,0_0_0_0,097_0_0_0_0,y,97,90FX,13,5/12/2015,FVB,90,FX,3,TRUE,13,4.4998096703,FX,-2,4.5751028658,12.8489947595,12.6861562917,4.5321857444,12.7561768329,12.7135177662,12.251368034,13.1460378184,1,12.6868408281,12.8381666052,90FX
180,180,shh_14.0_12_91_DU,DUHi,80,14,91,13.452,10/14/2014,DU,0,0,0,0,0,0,0_0_0_0,097_0_0_0_0,Y,97,91DU,14,10/14/2014,DUHi,91,DU,3,TRUE,14,4.5108595065,DU,-1,4.6411071949,13.4595333962,13.2164013959,4.5668660125,13.320948156,13.2789394592,12.8843553084,13.6436998574,1,13.2311819509,13.4313667458,91DU
181,181,shh_13.0_05_91_FX,FVB,272,13,91,12.87,05/12/15,FX,0,0,0,0,0,0,0_0_0_0,097_0_0_0_0,-,97,91FX,13,5/12/2015,FVB,91,FX,3,TRUE,13,4.5108595065,FX,-2,4.586152702,12.8728925152,12.7100540475,4.5432355806,12.7800745886,12.7374775377,12.27665309,13.1683590026,1,12.7106665695,12.8619537378,91FX
182,182,shh_14.0_18_94_DU,DUHi,81,14,94,13.517,10/14/2014,DU,0,0,0,0,0,0,0_0_0_0,097_0_0_0_0,-,97,94DU,14,10/14/2014,DUHi,94,DU,3,TRUE,14,4.5432947823,DU,-1,4.6735424706,13.5200799869,13.2769479865,4.5993012883,13.3814947467,13.3386456769,12.9476283041,13.7017960039,1,13.2915302691,13.4915765351,94DU
10,10,shh_13.5_16_95_DC,DUHi,31,13.5,95,13.464,7/30/2014,DC,0,0,0,0,0,0,0_0_0_0,097_0_0_0_0,-,97,95DC,13.5,7/30/2014,DUHi,101,DQ,4,TRUE,13.5,4.6151205168,DQ,-1.5,4.7243903681,13.6149972264,13.4110243355,4.6621065529,13.4987326786,13.4568794524,13.080220988,13.8164776269,1,13.428421465,13.5931075088,101DQ
183,183,shh_13.5_09_99_DZ,DUHi,37,13.5,99,13.328,11/19/2014,DZ,0,0,0,0,0,0,0_0_0_0,097_0_0_0_0,Y,97,99DZ,13.5,11/19/2014,DUHi,99,DZ,4,TRUE,13.5,4.5951198501,DZ,-1.5,4.5597408941,13.3076477717,13.3736892998,4.579906899,13.3452914427,13.3650278613,12.9850041479,13.7286868809,1,13.3740714619,13.3201717997,99DZ
40,40,shh_13.5_06_101_DQ,DUHi,31,13.5,101,13.581,7/30/2014,DQ,0,0,0,0,0,0,0_0_0_0,097_0_0_0_0,Y,97,101DQ,13.5,7/30/2014,DUHi,101,DQ,4,TRUE,13.5,4.6151205168,DQ,-1.5,4.7243903681,13.6149972264,13.4110243355,4.6621065529,13.4987326786,13.4568794524,13.080220988,13.8164776269,1,13.428421465,13.5931075088,101DQ
41,41,shh_13.0_06_102_FX,FVB,274,13,102,13.091,05/12/15,FX,0,0,0,0,0,0,0_0_0_0,097_0_0_0_0,-,97,102FX,13,5/12/2015,FVB,102,FX,3,TRUE,13,4.6249728133,FX,-2,4.7002660088,13.1196882037,12.956849736,4.6573488873,13.0268702771,12.9846870219,12.5392333161,13.406154676,1,12.9574692955,13.1085593474,102FX
1,1,shh_13.5_01_101-104_DB,DUHi,13,13.5,102.5,13.129,1/20/2014,DB,2,0,0,0,0,0,2_0_0_0,123_2_0_0_0,-,123,102.5DB,13.5,1/20/2014,DUHi,102,DB,2,FALSE,13.5,4.6249728133,DB,-1.5,4.4362441721,13.07711773,13.4294155145,4.5438194976,13.2779274671,13.3538776822,12.9723815819,13.7369182476,1,13.4115477809,13.1245620666,102DB
42,42,shh_14.0_21_105_DF,DUHi,63,14,105,13.651,7/17/2014,DF,2,0,0,0,0,0,2_0_0_0,123_2_0_0_0,Y,123,105DF,14,7/17/2014,DUHi,105,DF,5,TRUE,14,4.6539603502,DF,-1,4.7366882747,13.6379536003,13.483526247,4.6895333577,13.5499300089,13.5218019354,13.1391607469,13.8827930173,1,13.4970307599,13.619940629,105DF
43,43,shh_13.5_10_105_FK,FVB,291,13.5,105,13.62,12/10/14,FK,2,0,0,0,0,0,2_0_0_0,123_2_0_0_0,Y,123,105FK,13.5,12/10/2014,FVB,105,FK,4,TRUE,13.5,4.6539603502,FK,-1.5,4.9638368565,13.6897194358,13.0195418034,4.7872072479,13.3077181853,13.1485230685,12.6777632639,13.5705288235,1,13.0497577577,13.6096359906,105FK
44,44,shh_13.5_13_107_DZ,DUHi,38,13.5,107,13.455,11/19/2014,DZ,2,0,0,0,0,0,2_0_0_0,123_2_0_0_0,y,123,107DZ,13.5,11/19/2014,DUHi,107,DZ,4,TRUE,13.5,4.6728288345,DZ,-1.5,4.6374498784,13.4527063217,13.5187478497,4.6576158833,13.4903499926,13.5092872105,13.1365259169,13.8678087359,1,13.5184753224,13.4651226225,107DZ
45,45,shh_13.0_07_108_FX,FVB,276,13,108,13.197,05/12/15,FX,0,0,0,0,0,0,0_0_0_0,097_0_0_0_0,-,97,108FX,13,5/12/2015,FVB,108,FX,3,TRUE,13,4.6821312271,FX,-2,4.7574244226,13.2433061279,13.0804676601,4.7145073012,13.1504882013,13.1088896441,12.6699210585,13.5273992856,1,13.0814671712,13.2321870092,108FX
46,46,shh_13.5_06_109_FI,FVB,642,13.5,109,13.423,10/17/2014,FI,2,0,0,0,0,0,2_0_0_0,123_2_0_0_0,-,123,109FI,13.5,10/17/2014,FVB,109,FI,6,TRUE,13.5,4.6913478822,FI,-1.5,4.8589179713,13.4628087515,13.1004007495,4.7634030205,13.2562361903,13.1760832646,12.7212319258,13.5925675802,1,13.1157982048,13.4272197027,109FI
47,47,shh_13.5_10_110_DZ,DUHi,40,13.5,110,13.506,11/19/2014,DZ,2,0,0,0,0,0,2_0_0_0,123_2_0_0_0,-,123,110DZ,13.5,11/19/2014,DUHi,110,DZ,4,TRUE,13.5,4.7004803658,DZ,-1.5,4.6651014097,13.5043231466,13.5703646746,4.6852674147,13.5419668175,13.5605953937,13.1901427314,13.9176716785,1,13.5697579163,13.5164077767,110DZ
6,6,shh_13.5_08_111_DC,DUHi,15,13.5,111,13.769,7/30/2014,DC,0,0,0,0,0,0,0_0_0_0,097_0_0_0_0,Y,97,111DC,13.5,1/20/2014,DUHi,111,DB,2,FALSE,13.5,4.7095302013,DB,-1.5,4.5208015602,13.2349601236,13.5872579081,4.6283768856,13.4357698608,13.5108285873,13.1381185085,13.8851292328,1,13.568956805,13.2818147659,111DB
48,48,shh_13.5_14_112_FV,FVB,313,13.5,112,13.229,4/30/2015,FV,2,0,0,0,0,0,2_0_0_0,123_2_0_0_0,y,123,112FV,13.5,4/30/2015,FVB,112,FV,5,TRUE,13.5,4.7184988713,FV,-1.5,4.7445560948,13.2154754751,13.1591208693,4.7297034774,13.1833533498,13.1703075013,12.7212645206,13.5760786505,1,13.1553006677,13.2069599471,112FV
49,49,shh_14.0_13_113_DU,DUHi,83,14,113,13.841,10/14/2014,DU,2,0,0,0,0,0,2_0_0_0,123_2_0_0_0,-,123,113DU,14,10/14/2014,DUHi,113,DU,3,TRUE,14,4.7273878187,DU,-1,4.8576355071,13.8637245364,13.6205925361,4.7833943247,13.7251392962,13.68010789,13.307975646,14.0318489157,1,13.6346049937,13.8341698829,113DU
4,4,shh_13.5_04_111-117_DB,DUHi,15,13.5,114,13.3,1/20/2014,DB,2,0,0,0,0,0,2_0_0_0,123_2_0_0_0,-,123,114DB,13.5,1/20/2014,DUHi,111,DB,2,FALSE,13.5,4.7095302013,DB,-1.5,4.5208015602,13.2349601236,13.5872579081,4.6283768856,13.4357698608,13.5108285873,13.1381185085,13.8851292328,1,13.568956805,13.2818147659,111DB
50,50,shh_14.0_06_117_DR,DUHi,72,14,117,13.635,7/30/2014,DR,2,0,0,0,0,0,2_0_0_0,123_2_0_0_0,-,123,117DR,14,7/30/2014,DUHi,117,DR,4,TRUE,14,4.7621739348,DR,-1,4.7186671251,13.6043137085,13.6855274159,4.7434660066,13.6506055217,13.6702727914,13.2907741747,14.0374127075,1,13.6837351862,13.618533529,117DR
51,51,shh_13.5_01_124_FA,FVB,278,13.5,124,13.38,7/17/2014,FA,2,0,0,0,0,0,2_0_0_0,123_2_0_0_0,-,123,124FA,13.5,7/17/2014,FVB,124,FA,5,TRUE,13.5,4.8202815656,FA,-1.5,4.8155762876,13.3690726135,13.3792488354,4.8182582961,13.37487306,13.3810164184,12.9434439593,13.781784253,1,13.3727211961,13.3739557371,124FA
52,52,shh_14.0_14_125_DU,DUHi,85,14,125,14.004,10/14/2014,DU,2,0,0,0,0,0,2_0_0_0,123_2_0_0_0,Y,123,125DU,14,10/14/2014,DUHi,125,DU,3,TRUE,14,4.8283137373,DU,-1,4.9585614257,14.0521218952,13.8089898949,4.8843202433,13.913536655,13.8675691295,13.5036772363,14.2138967551,1,13.8225215995,14.0221254819,125DU
53,53,shh_13.5_04_125_FA,FVB,279,13.5,125,13.394,7/17/2014,FA,2,0,0,0,0,0,2_0_0_0,123_2_0_0_0,Y,123,125FA,13.5,7/17/2014,FVB,125,FA,5,TRUE,13.5,4.8283137373,FA,-1.5,4.8236084593,13.3864439911,13.396620213,4.8262904678,13.3922444376,13.3984195825,12.9621398455,13.7993139571,1,13.3900600056,13.3910984384,125FA
8,8,shh_13.5_13_126_FK,FVB,315,13.5,126,13.46,4/30/2015,FK,2,0,0,0,0,0,2_0_0_0,123_2_0_0_0,-,123,126FK,13.5,4/30/2015,FVB,126,FV,5,TRUE,13.5,4.836281907,FV,-1.5,4.8623391305,13.4702077776,13.4138531718,4.8474865131,13.4380856523,13.4262097286,12.9890739269,13.8262331647,1,13.4102007759,13.4609888895,126FV
54,54,shh_14.0_26_126_DAA,DUHi,49,14,126,13.955,05/12/14,DAA,2,0,0,0,0,0,2_0_0_0,123_2_0_0_0,y,123,126DAA,14,5/12/2014,DUHi,126,DAA,2,TRUE,14,4.836281907,DAA,-1,4.9147958557,13.9704251625,13.823863994,4.8700429049,13.8868852965,13.8575161714,13.4831446673,14.2052908574,1,13.835412729,13.9473997919,126DAA
3,3,shh_13.5_03_123-130_DB,DUHi,18,13.5,126.5,13.49,1/20/2014,DB,2,0,0,0,0,0,2_0_0_0,123_2_0_0_0,-,123,126.5DB,13.5,1/20/2014,DUHi,123,DB,2,FALSE,13.5,4.8121843554,DB,-1.5,4.6234557142,13.4265835615,13.778881346,4.7310310397,13.6273932986,13.701694341,13.3363984915,14.070145765,1,13.7603666132,13.4728714454,123DB
55,55,shh_13.5_02_127_FA,FVB,280,13.5,127,13.432,7/17/2014,FA,2,0,0,0,0,0,2_0_0_0,123_2_0_0_0,Y,123,127FA,13.5,7/17/2014,FVB,127,FA,5,TRUE,13.5,4.8441870865,FA,-1.5,4.8394818085,13.4207736784,13.4309499003,4.8421638169,13.4265741249,13.4327331502,12.9983277159,13.8332903859,1,13.4245352271,13.4252591248,127FA
56,56,shh_13.5_20_127_FV,FVB,316,13.5,127,13.473,4/30/2015,FV,0,0,0,0,0,0,0_0_0_0,097_0_0_0_0,-,97,127FV,13.5,4/30/2015,FVB,127,FV,5,TRUE,13.5,4.8441870865,FV,-1.5,4.87024431,13.4873045061,13.4309499003,4.8553916926,13.4551823808,13.4434665586,13.0071461728,13.8425871769,1,13.4273497274,13.4780596416,127FV
57,57,shh_14.0_02_128_DD,DUHi,58,14,128,14.255,1/20/2014,DD,2,0,0,0,0,0,2_0_0_0,123_2_0_0_0,-,123,128DD,14,1/20/2014,DUHi,128,DD,2,TRUE,14,4.8520302639,DD,-1,5.0933188001,14.3036720795,13.8532612875,4.9557843345,14.0469379281,13.9558622074,13.5896782954,14.2986571305,1,13.8812891702,14.2449842109,128DD
58,58,shh_14.0_02_128_DD,DUHi,59,14,128,14.255,1/20/2014,DD,2,0,0,0,0,0,2_0_0_0,123_2_0_0_0,-,123,128DD,14,1/20/2014,DUHi,128,DD,2,TRUE,14,4.8520302639,DD,-1,5.0933188001,14.3036720795,13.8532612875,4.9557843345,14.0469379281,13.9558622074,13.5896782954,14.2986571305,1,13.8812891702,14.2449842109,128DD
59,59,shh_14.0_07_130_FJ,FVB,370,14,130,14.247,1/20/2014,FJ,2,0,0,0,0,0,2_0_0_0,123_2_0_0_0,-,123,130FJ,14,12/8/2014,FVB,130,FJ,2,TRUE,14,4.8675344505,FJ,-1,5.005205582,13.779188608,13.4814438254,4.926733037,13.6094740819,13.5428571466,13.0980901393,13.9523929175,1,13.4896868208,13.7449343759,130FJ
60,60,shh_13.5_15_132_FV,FVB,317,13.5,132,13.773,12/08/14,FV,0,0,0,0,0,0,0_0_0_0,097_0_0_0_0,-,97,132FV,13.5,4/30/2015,FVB,132,FV,5,TRUE,13.5,4.8828019226,FV,-1.5,4.9088591461,13.5708177732,13.5144631674,4.8940065287,13.5386956479,13.5269172172,13.0940515863,13.9249712339,1,13.511441008,13.5611463012,132FV
61,61,shh_13.5_11_135_DZ,DUHi,45,13.5,135,13.557,4/30/2015,DZ,2,0,0,0,0,0,2_0_0_0,123_2_0_0_0,-,123,135DZ,13.5,11/19/2014,DUHi,135,DZ,4,TRUE,13.5,4.9052747784,DZ,-1.5,4.8698958224,13.886610739,13.952652267,4.8900618273,13.92425441,13.9414914201,13.5859909155,14.2877749087,1,13.9510347746,13.8975812611,135DZ
62,62,shh_13.5_21_136_FU,FVB,311,13.5,136,13.858,11/19/2014,FU,0,0,0,0,0,1,0_0_0_1,162_0_0_0_1,-,162,136FU,13.5,4/29/2015,FVB,136,FU,4,TRUE,13.5,4.9126548857,FU,-1.5,4.914379576,13.5827569443,13.5790269137,4.9133965026,13.5806308269,13.5756871032,13.1425447884,13.9774601465,1,13.5739089882,13.5789316291,136FU
63,63,shh_13.5_17_137_FV,FVB,319,13.5,137,13.564,4/29/2015,FV,0,0,0,0,0,1,0_0_0_1,162_0_0_0_1,-,162,137FV,13.5,4/30/2015,FVB,137,FV,5,TRUE,13.5,4.9199809258,FV,-1.5,4.9460381494,13.6512257288,13.594871123,4.9311855319,13.6191036035,13.607293937,13.1763157738,14.0051217094,1,13.5920114424,13.6413429009,137FV
64,64,shh_14.0_19_139_DF,DUHi,66,14,139,13.633,4/30/2015,DF,2,0,0,0,0,0,2_0_0_0,123_2_0_0_0,-,123,139DF,14,7/17/2014,DUHi,139,DF,5,TRUE,14,4.9344739331,DF,-1,5.0172018577,14.1615853776,14.0071580243,4.9700469407,14.0735617862,14.0434392596,13.681224133,14.3939706776,1,14.0193874074,14.1425249336,139DF
65,65,shh_14.0_19_139_DF,DUHi,67,14,139,13.633,4/30/2015,DF,2,0,0,0,0,0,2_0_0_0,123_2_0_0_0,-,123,139DF,14,7/17/2014,DUHi,139,DF,5,TRUE,14,4.9344739331,DF,-1,5.0172018577,14.1615853776,14.0071580243,4.9700469407,14.0735617862,14.0434392596,13.681224133,14.3939706776,1,14.0193874074,14.1425249336,139DF
66,66,shh_14.0_09_140_DF,DUHi,68,14,140,14.136,7/17/2014,DF,2,0,0,0,0,0,2_0_0_0,123_2_0_0_0,-,123,140DF,14,7/17/2014,DUHi,140,DF,5,TRUE,14,4.9416424226,DF,-1,5.0243703472,14.1749667221,14.0205393688,4.9772154302,14.0869431307,14.0568626883,13.6944590955,14.4072631861,1,14.0327407437,14.1559448737,140DF
67,67,shh_14.0_22_141_DAA,DUHi,50,14,141,14.138,7/17/2014,DAA,2,0,0,0,0,0,2_0_0_0,123_2_0_0_0,Y,123,141DAA,14,5/12/2014,DUHi,141,DAA,2,TRUE,14,4.9487598904,DAA,-1,5.0272738391,14.1803866402,14.0338254716,4.9825208883,14.0968467741,14.066137158,13.7008981045,14.409110654,1,14.0446548025,14.1560974751,141DAA
68,68,shh_14.0_03_141_DD,DUHi,60,14,141,14.156,7/17/2014,DD,2,0,0,0,0,1,2_0_0_1,145_2_0_0_1,Y,145,141DD,14,1/20/2014,DUHi,141,DD,2,TRUE,14,4.9487598904,DD,-1,5.1900484266,14.4842362636,14.0338254716,5.052513961,14.2275021121,14.1355018033,13.7739116425,14.4768317782,1,14.0617011651,14.4246365506,141DD
69,69,shh_14.0_08_141_FJ,FVB,372,14,141,14.155,05/12/14,FJ,0,0,0,0,0,1,0_0_0_1,162_0_0_0_1,Y,162,141FJ,14,12/8/2014,FVB,141,FJ,2,TRUE,14,4.9487598904,FJ,-1,5.086431022,13.9548568884,13.6571121058,5.007958477,13.7851423623,13.7184025311,13.2804246757,14.1250826652,1,13.665045981,13.9203451527,141FJ
70,70,shh_14.0_23_142_DAA,DUHi,51,14,142,14.431,1/20/2014,DAA,2,0,0,0,0,0,2_0_0_0,123_2_0_0_0,-,123,142DAA,14,5/12/2014,DUHi,142,DAA,2,TRUE,14,4.9558270576,DAA,-1,5.0343410063,14.1935788474,14.0470176789,4.9895880556,14.1100389814,14.079381593,13.7142015873,14.4215006845,1,14.0577268781,14.169298349,142DAA
71,71,shh_14.0_20_142_DU,DUHi,87,14,142,13.932,12/08/14,DU,0,0,0,0,0,0,0_0_0_0,097_0_0_0_0,Y,97,142DU,14,10/14/2014,DUHi,142,DU,3,TRUE,14,4.9558270576,DU,-1,5.086074746,14.2901496792,14.0470176789,5.0118335636,14.151564439,14.1042853684,13.7504829673,14.446881037,1,14.0604087683,14.2597492703,142DU
72,72,shh_14.0_10_143_DF,DUHi,69,14,143,14.169,05/12/14,DF,2,0,0,0,0,1,2_0_0_1,145_2_0_0_1,Y,145,143DF,14,7/17/2014,DUHi,143,DF,5,TRUE,14,4.9628446303,DF,-1,5.0455725548,14.2145446618,14.0601173085,4.9984176378,14.1265210704,14.0964612236,13.7354565357,14.4460755263,1,14.0723464593,14.1952462148,143DF
73,73,shh_14.0_10_143_DF,DUHi,70,14,143,14.169,05/12/14,DF,2,0,0,0,0,1,2_0_0_1,145_2_0_0_1,Y,145,143DF,14,7/17/2014,DUHi,143,DF,5,TRUE,14,4.9628446303,DF,-1,5.0455725548,14.2145446618,14.0601173085,4.9984176378,14.1265210704,14.0964612236,13.7354565357,14.4460755263,1,14.0723464593,14.1952462148,143DF
74,74,shh_14.0_07_143_DR,DUHi,74,14,143,14.237,10/14/2014,DR,2,0,0,0,0,1,2_0_0_1,145_2_0_0_1,Y,145,143DR,14,7/30/2014,DUHi,143,DR,4,TRUE,14,4.9628446303,DR,-1,4.9193378206,13.9789036011,14.0601173085,4.9441367021,14.0251954143,14.0428214639,13.6783510122,14.4038526048,1,14.0568433775,13.9911872406,143DR
75,75,shh_13.5_03_143_FA,FVB,283,13.5,143,14.202,7/17/2014,FA,0,0,0,0,0,1,0_0_0_1,162_0_0_0_1,-,162,143FA,13.5,7/17/2014,FVB,143,FA,5,TRUE,13.5,4.9628446303,FA,-1.5,4.9581393523,13.6773973015,13.6875735233,4.9608213607,13.6831977479,13.6891312904,13.2693057656,14.0897930213,1,13.6810631966,13.6819572719,143FA
76,76,shh_14.0_16_144_DR,DUHi,75,14,144,14.188,7/17/2014,DR,2,0,0,0,0,1,2_0_0_1,145_2_0_0_1,-,145,144DR,14,7/30/2014,DUHi,144,DR,4,TRUE,14,4.9698132996,DR,-1,4.9263064899,13.9919119433,14.0731256508,4.9511053714,14.0382037566,14.0557668612,13.6914660082,14.4165820349,1,14.0697635032,14.0041040562,144DR
77,77,shh_14.0_09_148_FJ,FVB,373,14,148,13.98,7/30/2014,FJ,0,0,0,0,0,1,0_0_0_1,162_0_0_0_1,Y,162,148FJ,14,12/8/2014,FVB,148,FJ,2,TRUE,14,4.9972122738,FJ,-1,5.1348834053,14.0596460638,13.7619012812,5.0564108603,13.8899315377,13.8237322918,13.3895491401,14.2282076768,1,13.7696131213,14.0247459147,148FJ
78,78,shh_15.0_10_151_FAA,FVB,484,15,151,13.655,7/17/2014,FAA,0,0,0,0,0,1,0_0_0_1,162_0_0_0_1,-,162,151FAA,15,5/27/2015,FVB,151,FAA,4,TRUE,15,5.0172798368,FAA,0,5.1306526642,14.0504961346,13.8053018993,5.0660301526,13.9107354205,13.8543112458,13.4149617706,14.2653006658,1,13.8121717954,14.0211651614,151FAA
7,7,shh_13.5_12_156_DZ,DUHi,16,13.5,156,13.863,1/20/2014,DZ,2,0,0,0,0,0,2_0_0_0,123_2_0_0_0,Y,123,156DZ,13.5,1/20/2014,DUHi,115,DB,2,FALSE,13.5,5.0562458053,DF,-1,5.1389737299,14.3888956604,14.2344683071,5.0918188129,14.300872069,14.2697223158,13.9114663704,14.6174158499,1,14.2462719211,14.3692749855,115DB
79,79,shh_14.0_11_157_DF,DUHi,71,14,157,13.988,7/30/2014,DF,2,0,0,0,0,1,2_0_0_1,145_2_0_0_1,Y,145,157DF,14,7/17/2014,DUHi,157,DF,5,TRUE,14,5.0562458053,DF,-1,5.1389737299,14.3888956604,14.2344683071,5.0918188129,14.300872069,14.2697223158,13.9114663704,14.6174158499,1,14.2462719211,14.3692749855,157DF
80,80,shh_14.0_10_159_FJ,FVB,375,14,159,14.031,12/08/14,FJ,0,0,0,0,0,1,0_0_0_1,162_0_0_0_1,-,162,159FJ,14,12/8/2014,FVB,159,FJ,2,TRUE,14,5.0689042022,FJ,-1,5.2065753338,14.2146959817,13.9169511991,5.1281027888,14.0449814556,13.9793858025,13.550989312,14.3806031539,1,13.924623979,14.1799695422,159FJ
2,2,shh_13.5_02_154-165_DB,DUHi,26,13.5,159.5,13.88,1/20/2014,DB,2,0,0,0,0,1,2_0_0_1,145_2_0_0_1,Y,145,159.5DB,13.5,1/20/2014,DUHi,156,DB,2,FALSE,13.5,5.0498560072,DB,-1.5,4.8611273661,13.8702427532,14.2225405377,4.9687026916,14.0710524904,14.1434318556,13.7894860877,14.4999756809,1,14.2031987163,13.9156946277,156DB
81,81,shh_14.0_17_161_DR,DUHi,77,14,161,14.131,5/27/2015,DR,1,0,0,0,0,1,1_0_0_1,179_1_0_0_1,Y,179,161DR,14,7/30/2014,DUHi,161,DR,4,TRUE,14,5.081404365,DR,-1,5.0378975553,14.2002178203,14.2814315278,5.0626964368,14.2465096336,14.2624510702,13.9046039429,14.6203345663,1,14.2778338496,14.2122489002,161DR
82,82,shh_14.5_10_161_FR,FVB,448,14.5,161,14.347,7/17/2014,FR,1,0,0,0,0,1,1_0_0_1,179_1_0_0_1,Y,179,161FR,14.5,3/4/2015,FVB,161,FR,4,TRUE,14.5,5.081404365,FR,-0.5,5.2178778685,14.2391402549,13.9439856122,5.1400879715,14.0709021086,13.999746244,13.5750582594,14.4056637214,1,13.9546267606,14.2071658364,161FR
83,83,shh_14.5_14_163_DH,DUHi,122,14.5,163,14.178,12/08/14,DH,1,0,0,0,0,1,1_0_0_1,179_1_0_0_1,-,179,163DH,14.5,1/22/2014,DUHi,163,DH,4,TRUE,14.5,5.0937502008,DH,-0.5,4.898495752,13.9399979292,14.3044773707,5.0097907878,14.1477512108,14.2217559666,13.8659885562,14.5801416844,1,14.2854640141,13.9869079693,163DH
84,84,shh_14.5_11_163_FR,FVB,450,14.5,163,14.19,7/30/2014,FR,0,0,0,0,0,1,0_0_0_1,162_0_0_0_1,-,162,163FR,14.5,3/4/2015,FVB,163,FR,4,TRUE,14.5,5.0937502008,FR,-0.5,5.2302237044,14.2658409012,13.9706862586,5.1524338073,14.097602755,14.0264470782,13.6034040315,14.4315577951,1,13.9813875308,14.2337242075,163FR
85,85,shh_14.0_01_163-167_FB,FVB,367,14,165,14.251,03/04/15,FB,0,0,0,0,0,1,0_0_0_1,162_0_0_0_1,Y,162,165FB,14,5/6/2014,FVB,165,FB,3,TRUE,14,5.1059454739,FB,-1,5.0867210741,13.9554841914,13.9970612793,5.097678982,13.9791831315,13.9988178047,13.5823618178,14.4033685456,1,13.9922980742,13.956731997,165FB
86,86,shh_14.0_03_163-167_FB,FVB,367,14,165,13.989,1/22/2014,FB,0,0,0,0,0,1,0_0_0_1,162_0_0_0_1,Y,162,165FB,14,5/6/2014,FVB,165,FB,3,TRUE,14,5.1059454739,FB,-1,5.0867210741,13.9554841914,13.9970612793,5.097678982,13.9791831315,13.9988178047,13.5823618178,14.4033685456,1,13.9922980742,13.956731997,165FB
87,87,shh_14.0_04_163-167_FB,FVB,367,14,165,14.276,03/04/15,FB,1,0,0,0,0,1,1_0_0_1,179_1_0_0_1,-,179,165FB,14,5/6/2014,FVB,165,FB,3,TRUE,14,5.1059454739,FB,-1,5.0867210741,13.9554841914,13.9970612793,5.097678982,13.9791831315,13.9988178047,13.5823618178,14.4033685456,1,13.9922980742,13.956731997,165FB
88,88,shh_14.0_08_169_DR,DUHi,78,14,169,13.96,05/06/14,DR,2,0,0,0,0,1,2_0_0_1,145_2_0_0_1,Y,145,169DR,14,7/30/2014,DUHi,169,DR,4,TRUE,14,5.1298987149,DR,-1,5.0863919053,14.2907417172,14.3719554246,5.1111907868,14.3370335304,14.3527352869,13.9956723006,14.7091446455,1,14.3680404373,14.3029388918,169DR
12,12,shh_14.0_05_171-178_FB,FVB,96,14,174.5,14.026,05/06/14,FB,0,1,0,1,0,1,0_1_1_1,199_0_1_1_1,Y,199,174.5FB,14,5/6/2014,FVB,175,FB,3,FALSE,14,5.1647859739,FB,-1,5.1455615741,14.0827400052,14.124317093,5.156519482,14.1064389453,14.1268039083,13.7143898649,14.5305686476,1,14.1189209147,14.083693321,175FB
14,14,shh_14.0_06_171-178_FB,FVB,361,14,174.5,14.1,05/06/14,FB,0,0,0,0,0,1,0_0_0_1,162_0_0_0_1,Y,162,174.5FB,14,5/6/2014,FVB,175,FB,3,FALSE,14,5.1647859739,FB,-1,5.1455615741,14.0827400052,14.124317093,5.156519482,14.1064389453,14.1268039083,13.7143898649,14.5305686476,1,14.1189209147,14.083693321,175FB
89,89,shh_14.0_24_177_DAA,DUHi,52,14,177,14.273,7/30/2014,DAA,1,0,0,0,0,1,1_0_0_1,179_1_0_0_1,Y,179,177DAA,14,5/12/2014,DUHi,177,DAA,2,TRUE,14,5.1761497326,DAA,-1,5.2546636813,14.6048528851,14.4582917165,5.2099107305,14.521313019,14.4889135054,14.1308461761,14.8289776267,1,14.4678446346,14.5793259772,175FB
90,90,shh_14.5_24_178_DI,DUHi,134,14.5,178,14.558,05/12/14,DI,1,0,0,0,0,1,1_0_0_1,179_1_0_0_1,-,179,178DI,14.5,3/4/2014,DUHi,178,DI,3,TRUE,14.5,5.1817835503,DI,-0.5,4.9559996349,14.047339827,14.4688083052,5.0846964667,14.2875768596,14.3699199017,14.0152172465,14.7303067673,1,14.4470421419,14.1024201542,178DI
91,91,shh_14.5_01_178_FC,FVB,405,14.5,178,14.092,03/04/14,FC,0,1,0,1,0,1,0_1_1_1,199_0_1_1_1,-,199,178FC,14.5,4/23/2014,FVB,178,FC,4,TRUE,14.5,5.1817835503,FC,-0.5,5.2166075285,14.2363928588,14.1610781745,5.1967578609,14.1934634888,14.179682441,13.7660773886,14.5721945872,1,14.1571450476,14.232770039,178FC
92,92,shh_14.5_28_184_FQ,FVB,442,14.5,184,14.258,4/23/2014,FQ,0,1,0,1,0,1,0_1_1_1,199_0_1_1_1,y,199,184FQ,14.5,2/26/2015,FVB,184,FQ,5,TRUE,14.5,5.2149357576,FQ,-0.5,5.3428852582,14.5094968475,14.2327772783,5.2699540429,14.3517666931,14.2878949941,13.87811886,14.6803275895,1,14.2419641438,14.4699788319,184FQ
93,93,shh_14.5_29_185_FQ,FVB,443,14.5,185,14.5,2/26/2015,FQ,0,1,0,1,0,1,0_1_1_1,199_0_1_1_1,-,199,185FQ,14.5,2/26/2015,FVB,185,FQ,5,TRUE,14.5,5.2203558251,FQ,-0.5,5.3483053257,14.5212189624,14.2444993931,5.2753741103,14.3634888079,14.2994724919,13.8902611075,14.6921108043,1,14.2537714018,14.4818095526,185FQ
94,94,shh_14.5_21_186_DAD,DUHi,93,14.5,186,14.508,2/26/2015,DAD,1,0,0,0,0,1,1_0_0_1,179_1_0_0_1,y,179,186DAD,14.5,4/30/2015,DUHi,186,DAD,5,TRUE,14.5,5.2257466737,DAD,-0.5,5.098119906,14.3126342537,14.5508738088,5.1708671636,14.4484308001,14.4978615407,14.1473982108,14.8562062136,1,14.5385079937,14.3489451825,186DAD
95,95,shh_15.0_09_186_DJ,DUHi,162,15,186,14.35,4/30/2015,DJ,1,1,0,1,0,1,1_1_1_1,202_1_1_1_1,-,202,186DJ,15,1/30/2014,DUHi,186,DJ,5,TRUE,15,5.2257466737,DJ,0,5.3380906022,14.7605850475,14.5508738088,5.274054563,14.6410496414,14.6003111684,14.2454287133,14.9460951393,1,14.5628293354,14.7379839137,186DJ
19,19,shh_14.5_05_187_DP,DUHi,122,14.5,187,14.341,1/22/2014,DP,1,0,0,0,0,1,1_0_0_1,179_1_0_0_1,Y,179,187DP,14.5,1/22/2014,DUHi,163,DH,4,TRUE,14.5,5.0937502008,DH,-0.5,4.898495752,13.9399979292,14.3044773707,5.0097907878,14.1477512108,14.2217559666,13.8659885562,14.5801416844,1,14.2854640141,13.9869079693,163DH
96,96,shh_14.5_30_189_FQ,FVB,445,14.5,189,14.77,1/30/2014,FQ,0,1,0,1,0,1,0_1_1_1,199_0_1_1_1,-,199,189FQ,14.5,2/26/2015,FVB,189,FQ,5,TRUE,14.5,5.2417470151,FQ,-0.5,5.3696965156,14.5674822213,14.2907626521,5.2967653003,14.4097520668,14.3456807042,13.9378048827,14.7388601407,1,14.3000490034,14.5280813677,189FQ
97,97,shh_14.5_14_190_FZ,FVB,475,14.5,190,14.551,2/26/2015,FZ,0,2,0,1,0,1,0_2_1_1,227_0_2_1_1,y,227,190FZ,14.5,5/13/2015,FVB,190,FZ,4,TRUE,14.5,5.2470240722,FZ,-0.5,5.2672039775,14.3458190583,14.3021754748,5.2557014315,14.3209422157,14.3218846955,13.9042938507,14.7159806278,1,14.2975328998,14.3399669797,190FZ
98,98,shh_14.5_22_191_DAD,DUHi,94,14.5,191,14.358,5/13/2015,DAD,1,0,0,0,0,1,1_0_0_1,179_1_0_0_1,y,179,191DAD,14.5,4/30/2015,DUHi,191,DAD,5,TRUE,14.5,5.252273428,DAD,-0.5,5.1246466603,14.3621514691,14.6003910243,5.1973939179,14.4979480156,14.5469617207,14.197988827,14.9060060565,1,14.5881239466,14.3981163798,191DAD
15,15,shh_14.5_02_193-197_FC,FVB,405,14.5,195,14.438,4/23/14,FC,0,1,0,1,0,1,0_1_1_1,199_0_1_1_1,-,199,195FC,14.5,4/23/2014,FVB,178,FC,4,TRUE,14.5,5.1817835503,FC,-0.5,5.2166075285,14.2363928588,14.1610781745,5.1967578609,14.1934634888,14.179682441,13.7660773886,14.5721945872,1,14.1571450476,14.232770039,178FC
99,99,shh_14.0_11_195_FP,FVB,428,14,195,14.407,4/30/2015,FP,0,1,0,1,0,1,0_1_1_1,199_0_1_1_1,-,199,195FP,14.5,2/25/2015,FVB,195,FP,4,TRUE,14.5,5.2729995586,FP,-0.5,5.2949429756,14.4058108798,14.3583533057,5.2824352279,14.3787600625,14.3723431478,13.9605169589,14.7761698704,1,14.3539350766,14.3976698501,195FP
22,22,shh_14.5_12_196-199_DH,DUHi,123,14.5,197.5,14.331,1/22/2014,DH,1,1,0,1,0,1,1_1_1_1,202_1_1_1_1,-,202,197.5DH,14.5,1/22/2014,DUHi,196,DH,4,FALSE,14.5,5.2781146592,DH,-0.5,5.0828602105,14.2841491393,14.6486285808,5.1941552463,14.491902421,14.5645601748,14.219525148,14.9193707828,1,14.629066999,14.3303021231,196DH
16,16,shh_14.5_03_199-207_FC,FVB,406,14.5,199,14.478,4/23/14,FC,0,1,0,1,0,1,0_1_1_1,199_0_1_1_1,-,199,203FC,14.5,4/23/2014,FVB,193,FC,4,FALSE,14.5,5.2626901889,FC,-0.5,5.2975141671,14.4113716597,14.3360569754,5.2776644995,14.3684422896,14.3548074281,13.9469517409,14.7455589606,1,14.3321707507,14.4073979172,193FC
100,100,shh_14.0_12_199_FP,FVB,432,14,199,14.406,2/25/2015,FP,0,1,0,1,0,1,0_1_1_1,199_0_1_1_1,-,199,199FP,14.5,2/25/2015,FVB,199,FP,4,TRUE,14.5,5.2933048247,FP,-0.5,5.3152482417,14.4497255843,14.4022680102,5.302740494,14.422674767,14.4163806465,14.0056350752,14.8207899144,1,14.3977432689,14.4413582789,199FP
17,17,shh_14.5_04_199-207_FC,FVB,407,14.5,203,14.532,4/23/14,FC,0,2,0,2,0,1,0_2_2_1,325_0_2_2_1,-,325,203FC,14.5,4/23/2014,FVB,197,FC,4,FALSE,14.5,5.2832037287,FC,-0.5,5.318027707,14.4557368028,14.3804221185,5.2981780394,14.4128074328,14.3995050875,13.9923653841,14.788480878,1,14.3766616785,14.451759401,197FC
20,20,shh_14.5_05_199-207_FC,FVB,123,14.5,203,14.551,4/23/14,FC,0,2,0,2,0,1,0_2_2_1,325_0_2_2_1,-,325,203FC,14.5,1/22/2014,DUHi,196,DH,4,FALSE,14.5,5.2781146592,DH,-0.5,5.0828602105,14.2841491393,14.6486285808,5.1941552463,14.491902421,14.5645601748,14.219525148,14.9193707828,1,14.629066999,14.3303021231,196DH
26,26,shh_14.5_31_203_FZ,FVB,476,14.5,203,14.478,13/5/15,FZ,0,1,0,1,0,1,0_1_1_1,199_0_1_1_1,-,199,203FZ,14.5,5/13/2015,FVB,197,FZ,4,FALSE,14.5,5.2832037287,FZ,-0.5,5.3033836341,14.424065702,14.3804221185,5.291881088,14.3991888594,14.3999821058,13.9829671871,14.7946718464,1,14.3753803501,14.4177928494,197FZ
101,101,shh_15.0_14_203_DAB,DUHi,146,15,203,14.458,2/25/2015,DAB,1,1,0,1,0,1,1_1_1_1,202_1_1_1_1,Y,202,203DAB,15,10/30/2014,DUHi,203,DAB,5,TRUE,15,5.313205979,DAB,0,5.4717002657,15.0099928118,14.7141331812,5.3813585223,14.8413528224,14.7763115013,14.416576751,15.1313013632,1,14.7309580567,14.9674254661,203DAB
102,102,shh_14.5_32_207_FZ,FVB,478,14.5,207,14.974,10/30/2014,FZ,0,1,0,1,0,1,0_1_1_1,199_0_1_1_1,y,199,207FZ,14.5,5/13/2015,FVB,207,FZ,4,TRUE,14.5,5.3327187933,FZ,-0.5,5.3528986986,14.5311531644,14.4875095808,5.3413961526,14.5062763217,14.5075980572,14.0928224583,14.9028210432,1,14.4823543082,14.5245030829,207FZ
27,27,shh_14.5_33_208_FZ,FVB,478,14.5,208,14.548,13/5/15,FZ,0,1,0,1,0,1,0_1_1_1,199_0_1_1_1,-,199,208FZ,14.5,5/13/2015,FVB,207,FZ,4,TRUE,14.5,5.3327187933,FZ,-0.5,5.3528986986,14.5311531644,14.4875095808,5.3413961526,14.5062763217,14.5075980572,14.0928224583,14.9028210432,1,14.4823543082,14.5245030829,207FZ
103,103,shh_14.5_34_209_FZ,FVB,479,14.5,209,14.54,5/13/2015,FZ,0,2,0,2,0,1,0_2_2_1,325_0_2_2_1,-,325,209FZ,14.5,5/13/2015,FVB,209,FZ,4,TRUE,14.5,5.342334252,FZ,-0.5,5.3625141573,14.5519487562,14.5083051727,5.3510116113,14.5270719136,14.5284380524,14.1142432521,14.9235073618,1,14.5030209895,14.545418397,209FZ
24,24,shh_14.5_15_209-216_DG,DUHi,126,14.5,212.5,14.396,12/17/2013,DG,1,1,0,1,0,1,1_1_1_1,202_1_1_1_1,Y,202,212.5DG,14.5,1/22/2014,DUHi,215,DH,4,FALSE,14.5,5.3706380281,DH,-0.5,5.1753835794,14.4568615463,14.8213409878,5.2866786152,14.6646148279,14.7361043803,14.3940313663,15.0921053862,1,14.8013891089,14.5025749802,215DH
23,23,shh_14.5_13_211-216_DH,DUHi,125,14.5,213.5,14.475,1/22/2014,DH,1,0,0,0,0,1,1_0_0_1,179_1_0_0_1,-,179,213.5DH,14.5,1/22/2014,DUHi,211,DH,4,FALSE,14.5,5.3518581335,DH,-0.5,5.1566036847,14.421805313,14.7862847544,5.2678987205,14.6295585946,14.701146736,14.3582593506,15.0567697255,1,14.7664691583,14.4676629979,211DH
104,104,shh_14.5_36_214_FZ,FVB,481,14.5,214,14.555,5/13/2015,FZ,0,2,0,2,0,1,0_2_2_1,325_0_2_2_1,-,325,214FZ,14.5,5/13/2015,FVB,214,FZ,4,TRUE,14.5,5.365976015,FZ,-0.5,5.3861559204,14.6030793855,14.559435802,5.3746533743,14.5782025429,14.5796292109,14.1652704924,14.9751417456,1,14.5542217624,14.596577122,214FZ
105,105,shh_14.5_13_215_FP,FVB,436,14.5,215,14.602,5/13/2015,FP,0,1,0,1,0,1,0_1_1_1,199_0_1_1_1,-,199,215FP,14.5,2/25/2015,FVB,215,FP,4,TRUE,14.5,5.3706380281,FP,-0.5,5.3925814451,14.6169760279,14.5695184538,5.3800736974,14.5899252106,14.5838940588,14.1767184675,14.988392596,1,14.5648889414,14.6083112643,215FP
106,106,shh_14.5_23_217_DAD,DUHi,95,14.5,217,14.623,2/25/2015,DAD,1,0,0,0,0,1,1_0_0_1,179_1_0_0_1,-,179,217DAD,14.5,4/30/2015,DUHi,217,DAD,5,TRUE,14.5,5.3798973535,DAD,-0.5,5.2522705858,14.6003857187,14.8386252738,5.3250178434,14.7361822651,14.7835050799,14.4392235897,15.1432606934,1,14.8261108476,14.6357079044,217DAD
31,31,shh_15.0_04_217-218_DJ,DUHi,165,15,217.5,15.05,1/30/2014,DJ,1,2,0,1,0,1,1_2_1_1,227_1_2_1_1,-,227,217.5DJ,15,1/30/2014,DUHi,204,DJ,5,FALSE,15,5.3181199938,DJ,0,5.4304639223,14.9330173599,14.7233061213,5.3664278831,14.8134819539,14.7714175183,14.4194597293,15.1175165127,1,14.735135007,14.910152909,204DJ
107,107,shh_14.5_06_218_FZ,FVB,482,14.5,218,14.629,4/30/2015,FZ,0,2,0,1,0,1,0_2_1_1,227_0_2_1_1,y,227,218FZ,14.5,5/13/2015,FVB,218,FZ,4,TRUE,14.5,5.3844950628,FZ,-0.5,5.4046749681,14.643130991,14.5994874075,5.3931724221,14.6182541484,14.6197626829,14.2062569988,15.0153266201,1,14.5941985835,14.6367836628,218FZ
108,108,shh_15.0_01_219_DK,DUHi,173,15,219,14.636,5/13/2015,DK,1,2,0,2,1,1,1_2_2_1,235_1_2_2_1,Y,235,219DK,15,3/13/2014,DUHi,219,DK,5,TRUE,15,5.3890717298,DK,0,5.2786425505,14.64961399,14.8557509863,5.3415871827,14.7671120779,14.8030766899,14.4621514284,15.1524903285,1,14.8435003775,14.6786176712,219DK
13,13,shh_14.0_05_220_DE,DUHi,114,14,220,14.695,03/04/14,DE,1,1,0,1,0,1,1_1_1_1,202_1_1_1_1,-,202,220DE,14.5,12/17/2013,DUHi,220,DG,3,FALSE,14.5,5.3936275464,DG,-0.5,5.1590835,14.4264343583,14.8642552815,5.2927736064,14.6759922845,14.7637978317,14.4180084447,15.1249948643,1,14.8390856999,14.4801582899,220DG
109,109,shh_15.0_06_221_DK,DUHi,174,15,221,14.691,3/13/2014,DK,1,2,0,2,0,1,1_2_2_1,235_1_2_2_1,-,235,221DK,15,3/13/2014,DUHi,221,DK,5,TRUE,15,5.3981627015,DK,0,5.2877335222,14.6665840119,14.8727210083,5.3506781544,14.7840820998,14.8200306538,14.4790705431,15.1695588602,1,14.8604144251,14.695398805,221DK
110,110,shh_14.5_08_221_FL,FVB,418,14.5,221,14.701,3/13/2014,FL,0,2,0,2,0,1,0_2_2_1,325_0_2_2_1,Y,325,221FL,14.5,12/11/2014,FVB,221,FL,5,TRUE,14.5,5.3981627015,FL,-0.5,5.4026940012,14.6388467046,14.6290467499,5.4001111604,14.6332607304,14.6386393969,14.2278381783,15.0343839177,1,14.6242325644,14.6397977067,221FL
111,111,shh_14.5_28_223_DAF,DUHi,102,14.5,223,14.638,12/11/14,DAF,1,1,0,1,0,1,1_1_1_1,202_1_1_1_1,-,202,223DAF,14.5,10/29/2015,DUHi,223,DAF,5,TRUE,14.5,5.4071717715,DAF,-0.5,5.2183188692,14.5370084036,14.8895381451,5.3259650235,14.7379503563,14.8091995161,14.4706155859,15.1711061688,1,14.8696105042,14.5803144251,223DAF
28,28,shh_14.5_37_226_FQ,FVB,447,14.5,226,14.876,2/26/2015,FQ,0,2,0,2,0,1,0_2_2_1,325_0_2_2_1,y,325,226FQ,14.5,2/26/2015,FVB,223,FQ,5,FALSE,14.5,5.4071717715,FQ,-0.5,5.535121272,14.9252504589,14.6485308897,5.4621900567,14.7675203045,14.7041168031,14.3018608441,15.101955648,1,14.6570334945,14.8848256085,223FQ
112,112,shh_14.5_02_228_DG,DUHi,115,14.5,228,14.548,10/29/2015,DG,1,2,0,2,0,1,1_2_2_1,235_1_2_2_1,-,235,228DG,14.5,12/17/2013,DUHi,228,DG,3,TRUE,14.5,5.429345629,DG,-0.5,5.1948015826,14.4931089302,14.9309298534,5.328491689,14.7426668565,14.8301071737,14.485566737,15.1903958278,1,14.9057195537,14.5465900192,228DG
113,113,shh_15.0_11_229_FAA,FVB,485,15,229,14.515,12/17/2013,FAA,0,2,0,1,0,1,0_2_1_1,227_0_2_1_1,-,227,229FAA,15,5/27/2015,FVB,229,FAA,4,TRUE,15,5.4337220036,FAA,0,5.5470948309,14.9511459728,14.7059517374,5.4824723193,14.8113852586,14.757633425,14.3481787074,15.1590775445,1,14.7111691781,14.92326612,229FAA
29,29,shh_15.0_01_234_FD,FVB,529,15,234,14.707,4/23/14,FD,0,2,0,2,0,1,0_2_2_1,325_0_2_2_1,Y,325,234FD,15,7/24/2014,FVB,246,FC,5,FALSE,15,5.5053315359,FC,0,5.5401555142,14.9361381396,14.8608234553,5.5203058466,14.8932087696,14.8815705449,14.4823369343,15.2727518699,1,14.8577625744,14.931106476,246FC
32,32,shh_15.0_07_234_DK,DUHi,185,15,234,14.797,9/18/2014,DK,1,2,0,2,0,1,1_2_2_1,235_1_2_2_1,-,235,234DK,15,9/18/2014,DUHi,235,DT,5,FALSE,15,5.4595855141,DT,0,5.5004769546,15.0637099565,14.9873783315,5.4771688335,15.0202009302,14.9964611121,14.6426873417,15.3468124984,1,14.9909169804,15.0527469019,235DT
114,114,shh_14.5_25_236_DAF,DUHi,108,14.5,236,14.951,5/27/2015,DAF,1,1,0,1,0,1,1_1_1_1,202_1_1_1_1,-,202,236DAF,14.5,10/29/2015,DUHi,236,DAF,5,TRUE,14.5,5.463831805,DAF,-0.5,5.2749789027,14.6427750969,14.9953048383,5.382625057,14.8437170495,14.9143643143,14.5757800932,15.2761576017,1,14.9747378642,14.6856381007,236DAF
115,115,shh_14.0_27_237_DG,DUHi,116,14,237,14.657,10/29/2015,DG,1,1,0,1,0,1,1_1_1_1,202_1_1_1_1,y,202,237DG,14.5,12/17/2013,DUHi,237,DG,3,TRUE,14.5,5.4680601411,DG,-0.5,5.2335160948,14.565376906,15.0031978292,5.3672062012,14.8149348322,14.902138928,14.5573080596,15.2631923892,1,14.9781145024,14.6186841119,237DG
116,116,shh_14.5_10_238_DI,DUHi,137,14.5,238,14.585,12/17/2013,DI,1,1,0,1,0,1,1_1_1_1,202_1_1_1_1,-,202,238DI,14.5,3/4/2014,DUHi,238,DI,3,TRUE,14.5,5.4722706737,DI,-0.5,5.2464867582,14.5895891081,15.0110575863,5.37518359,14.8298261407,14.9092172032,14.5637077692,15.2705959161,1,14.987910615,14.6416831686,238DI
25,25,shh_14.5_17_237-241_DH,DUHi,128,14.5,239,14.663,1/22/2014,DH,0,2,0,1,0,1,0_2_1_1,227_0_2_1_1,Y,227,239DH,14.5,1/22/2014,DUHi,237,DH,4,FALSE,14.5,5.4680601411,DH,-0.5,5.2728056924,14.6387183878,15.0031978292,5.3841007282,14.8464716694,14.9169402121,14.5760058592,15.2720920873,1,14.9826885883,14.6840507257,237DH
117,117,shh_15.0_13_241_FAA,FVB,487,15,241,14.614,03/04/14,FAA,0,2,0,2,0,1,0_2_2_1,325_0_2_2_1,-,325,241FAA,15,5/27/2015,FVB,241,FAA,4,TRUE,15,5.4847969335,FAA,0,5.5981697609,15.0616069949,14.8164127595,5.5335472493,14.9218462807,14.8683366593,14.4610137072,15.2713637145,1,14.8215659401,15.0337342431,241FAA
33,33,shh_15.0_10_242_DK,DUHi,186,15,242,14.884,9/18/2014,DK,0,2,0,1,1,1,0_2_1_1,227_0_2_1_1,-,227,242DK,15,9/18/2014,DUHi,242,DT,5,FALSE,15,5.4889377262,DT,0,5.5298291666,15.1185014243,15.0421697992,5.5065210455,15.074992398,15.0509410631,14.6971477969,15.4019708072,1,15.0457324233,15.1069662952,242DT
118,118,shh_15.5_06_244_DV,DUHi,223,15.5,244,15.054,5/27/2015,DV,1,2,0,2,0,1,1_2_2_1,235_1_2_2_1,y,235,244DV,15.5,10/23/2014,DUHi,244,DV,5,TRUE,15.5,5.4971682253,DV,0.5,5.4129998748,14.9004174047,15.0575335861,5.4609758346,14.9899736281,15.0149411064,14.6753101393,15.3673701174,1,15.0485514841,14.9237188075,244DV
119,119,shh_15.0_05_245_DJ,DUHi,169,15,245,14.969,10/23/2014,DJ,0,2,0,1,0,1,0_2_1_1,227_0_2_1_1,-,227,245DJ,15,1/30/2014,DUHi,245,DJ,5,TRUE,15,5.5012582105,DJ,0,5.613602139,15.2748795575,15.0651683189,5.5495660998,15.1553441515,15.1114259158,14.7607174567,15.4625605,1,15.0763617979,15.25108734,245DJ
30,30,shh_15.0_02_246_FD,FVB,530,15,246,14.992,4/23/14,FD,0,2,0,2,0,1,0_2_2_1,325_0_2_2_1,Y,325,246FD,15,7/24/2014,FVB,256,FD,5,TRUE,15,5.5451774445,FD,0,5.5059311159,14.8621201818,14.9469991933,5.5283015232,14.9105012184,14.933571054,14.5313503011,15.3255567686,1,14.9339637443,14.8694257438,256FD
120,120,shh_16.5_01_246_DW,DUHi,241,16.5,246,15.266,1/30/2014,DW,1,2,0,2,0,1,1_2_2_1,235_1_2_2_1,Y,235,246DW,16.5,9/25/2014,DUHi,246,DW,5,TRUE,16.5,5.5053315359,DW,1.5,6.0376254729,16.0663994889,15.0727719528,5.7342179288,15.5000317933,15.2891709359,14.9197506062,15.6617657704,1,15.1290155317,15.9247867557,246DW
121,121,shh_14.5_09_246_FL,FVB,420,14.5,246,15.987,9/25/2014,FL,0,2,0,2,0,1,0_2_2_1,325_0_2_2_1,Y,325,246FL,14.5,12/11/2014,FVB,246,FL,5,TRUE,14.5,5.5053315359,FL,-0.5,5.5098628356,14.8706234099,14.8608234553,5.5072799948,14.8650374358,14.8708370797,14.4614521333,15.2688674505,1,14.8557139537,14.8707335374,246FL
122,122,shh_15.0_14_248_FAA,FVB,488,15,248,14.857,12/11/14,FAA,0,2,0,2,1,1,0_2_2_1,325_0_2_2_1,y,325,248FAA,15,5/27/2015,FVB,248,FAA,4,TRUE,15,5.5134287462,FAA,0,5.6268015736,15.1235297287,14.8783354934,5.5621790619,14.9837690146,14.9305651015,14.5235861403,15.3341949142,1,14.8832680394,15.0953798443,248FAA
123,123,shh_15.0_15_249_FAA,FVB,489,15,249,15.103,5/27/2015,FAA,0,2,0,2,1,1,0_2_2_1,325_0_2_2_1,y,325,249FAA,15,5/27/2015,FVB,249,FAA,4,TRUE,15,5.5174528965,FAA,0,5.6308257239,15.1322328587,14.8870386234,5.5662032122,14.9924721446,14.9393135668,14.532421879,15.3431311081,1,14.8919990108,15.1039100527,249FAA
18,18,shh_14.5_04_255-256_DG,DUHi,120,14.5,255.5,14.725,12/17/2013,DG,1,2,0,1,0,1,1_2_1_1,227_1_2_1_1,-,227,255.5DG,14.5,12/17/2013,DUHi,255,DG,3,FALSE,14.5,5.5412635452,DG,-0.5,5.3067194988,14.7020249362,15.1398458594,5.4404096052,14.9515828624,15.0381795478,14.6933192806,15.4003360047,1,15.1145040076,14.755375571,255DG
124,124,shh_15.0_05_256_FD,FVB,530,15,256,15.117,5/27/2015,FD,0,2,0,2,1,1,0_2_2_1,325_0_2_2_1,-,325,256FD,15,7/24/2014,FVB,256,FD,5,TRUE,15,5.5451774445,FD,0,5.5059311159,14.8621201818,14.9469991933,5.5283015232,14.9105012184,14.933571054,14.5313503011,15.3255567686,1,14.9339637443,14.8694257438,256FD
125,125,shh_15.5_18_257_DAC,DUHi,189,15.5,257,14.901,7/24/2014,DAC,0,2,0,2,1,1,0_2_2_1,325_0_2_2_1,y,325,257DAC,15.5,4/29/2015,DUHi,257,DAC,4,TRUE,15.5,5.5490760849,DAC,0.5,5.4323603433,14.9365573891,15.1544294458,5.498888316,15.0607444614,15.1014512748,14.7552742963,15.4502420981,1,15.1419936283,14.9688018591,257DAC
126,126,shh_15.0_16_257_FAA,FVB,490,15,257,15.022,4/29/2015,FAA,0,2,0,2,1,1,0_2_2_1,325_0_2_2_1,-,325,257FAA,15,5/27/2015,FVB,257,FAA,4,TRUE,15,5.5490760849,FAA,0,5.6624489123,15.2006251154,14.95543088,5.5978264007,15.0608644012,15.0082968104,14.6011118833,15.4123827546,1,14.9603165868,15.17193206,257FAA
127,127,shh_15.0_17_258_FAA,FVB,491,15,258,15.184,5/27/2015,FAA,0,2,0,2,1,1,0_2_2_1,325_0_2_2_1,-,325,258FAA,15,5/27/2015,FVB,258,FAA,4,TRUE,15,5.5529595849,FAA,0,5.6663324123,15.2090240575,14.9638298222,5.6017099007,15.0692633434,15.0167637072,14.6099189056,15.4211690504,1,14.9687989348,15.18027407,258FAA
128,128,shh_15.0_06_259_FD,FVB,531,15,259,15.172,5/27/2015,FD,0,2,0,2,1,1,0_2_2_1,325_0_2_2_1,Y,325,259FD,15,7/24/2014,FVB,259,FD,5,TRUE,15,5.5568280617,FD,0,5.5175817331,14.8873172616,14.9721962732,5.5399521404,14.9356982982,14.9587667389,14.5565388838,15.3505832324,1,14.9592677865,14.8944425133,259FD
129,129,shh_15.0_06_259_FD,FVB,532,15,259,15.172,5/27/2015,FD,0,2,0,2,1,1,0_2_2_1,325_0_2_2_1,Y,325,259FD,15,7/24/2014,FVB,259,FD,5,TRUE,15,5.5568280617,FD,0,5.5175817331,14.8873172616,14.9721962732,5.5399521404,14.9356982982,14.9587667389,14.5565388838,15.3505832324,1,14.9592677865,14.8944425133,259FD
130,130,shh_15.0_08_259_FD,FVB,531,15,259,14.909,7/24/2014,FD,0,2,0,2,0,1,0_2_2_1,325_0_2_2_1,y,325,259FD,15,7/24/2014,FVB,259,FD,5,TRUE,15,5.5568280617,FD,0,5.5175817331,14.8873172616,14.9721962732,5.5399521404,14.9356982982,14.9587667389,14.5565388838,15.3505832324,1,14.9592677865,14.8944425133,259FD
131,131,shh_15.0_08_259_FD,FVB,532,15,259,14.909,7/24/2014,FD,0,2,0,2,0,1,0_2_2_1,325_0_2_2_1,y,325,259FD,15,7/24/2014,FVB,259,FD,5,TRUE,15,5.5568280617,FD,0,5.5175817331,14.8873172616,14.9721962732,5.5399521404,14.9356982982,14.9587667389,14.5565388838,15.3505832324,1,14.9592677865,14.8944425133,259FD
132,132,shh_15.0_11_262_DK,DUHi,176,15,262,14.918,7/24/2014,DK,0,2,0,2,1,1,0_2_2_1,325_0_2_2_1,-,325,262DK,15,3/13/2014,DUHi,262,DK,5,TRUE,15,5.5683445038,DK,0,5.4579153245,14.9842606058,15.1903976021,5.5208599567,15.1017586937,15.1356046665,14.7978200488,15.4900936985,1,15.1775715109,15.0125863456,262DK
133,133,shh_14.5_11_263_DI,DUHi,142,14.5,263,15.004,3/13/2014,DI,0,2,0,2,0,1,0_2_2_1,325_0_2_2_1,Y,325,263DI,14.5,3/4/2014,DUHi,263,DI,3,TRUE,14.5,5.5721540322,DI,-0.5,5.3463701167,14.7760403309,15.1975088091,5.4750669485,15.0162773635,15.0940949047,14.7512991299,15.4584347941,1,15.1740595706,14.8271008611,263DI
134,134,shh_15.0_02_265_DK,DUHi,177,15,265,14.785,03/04/14,DK,0,2,0,2,1,1,0_2_2_1,325_0_2_2_1,Y,325,265DK,15,3/13/2014,DUHi,265,DK,5,TRUE,15,5.579729826,DK,0,5.4693006467,15.005513468,15.2116504643,5.5322452789,15.1230115559,15.1565141339,14.8190779674,15.5118683657,1,15.1987892876,15.0338293295,265DK
135,135,shh_16.5_02_271_DW,DUHi,242,16.5,271,15.018,3/13/2014,DW,0,2,0,2,0,1,0_2_2_1,325_0_2_2_1,-,325,271DW,16.5,9/25/2014,DUHi,271,DW,5,TRUE,16.5,5.6021188209,DW,1.5,6.1344127579,16.2470713034,15.2534437674,5.8310052138,15.6807036079,15.4687541682,15.097733026,15.8462166352,1,15.3088827531,16.1052726666,271DW
136,136,shh_15.0_03_273_FD,FVB,533,15,273,16.159,9/25/2014,FD,0,2,0,2,0,1,0_2_2_1,325_0_2_2_1,y,325,273FD,15,7/24/2014,FVB,273,FD,5,TRUE,15,5.6094717952,FD,0,5.5702254666,15.0011711741,15.0860501857,5.5925958739,15.0495522107,15.073182351,14.6713144274,15.4662775987,1,15.073037418,15.0080743005,273FD
137,137,shh_15.0_15_285_DK,DUHi,179,15,285,15.026,7/24/2014,DK,0,2,0,2,0,1,0_2_2_1,325_0_2_2_1,Y,325,285DK,15,3/13/2014,DUHi,285,DK,5,TRUE,15,5.6524891803,DK,0,5.542060001,15.1413325952,15.3474695915,5.6050046332,15.2588306831,15.2915257303,14.9538383281,15.6504162122,1,15.3344537191,15.1693059785,285DK
138,138,shh_15.0_07_285_FD,FVB,535,15,285,15.141,3/13/2014,FD,0,2,0,2,1,1,0_2_2_1,325_0_2_2_1,Y,325,285FD,15,7/24/2014,FVB,285,FD,5,TRUE,15,5.6524891803,FD,0,5.6132428517,15.0942059435,15.179084955,5.635613259,15.1425869801,15.1659197646,14.7666206919,15.562071446,1,15.1659952731,15.1006848319,285FD
139,139,shh_15.0_07_285_FD,FVB,536,15,285,15.141,3/13/2014,FD,0,2,0,2,1,1,0_2_2_1,325_0_2_2_1,Y,325,285FD,15,7/24/2014,FVB,285,FD,5,TRUE,15,5.6524891803,FD,0,5.6132428517,15.0942059435,15.179084955,5.635613259,15.1425869801,15.1659197646,14.7666206919,15.562071446,1,15.1659952731,15.1006848319,285FD
21,21,shh_14.5_06_287_DP,DUHi,159,14.5,287,14.922,03/04/14,DP,0,2,0,2,0,1,0_2_2_1,325_0_2_2_1,-,325,287DP,15,03/16/16,DUHi,284,DAJ,4,FALSE,15,5.6489742382,DAJ,0,5.6347731259,15.3143992178,15.3409082857,5.6428677599,15.3295093865,15.3273644093,14.9878104445,15.6866611393,1,15.3391353335,15.3144499457,284DAJ
140,140,shh_15.5_07_290_DV,DUHi,224,15.5,290,15.105,7/24/2014,DV,0,2,0,2,0,1,0_2_2_1,325_0_2_2_1,y,325,290DV,15.5,10/23/2014,DUHi,290,DV,5,TRUE,15.5,5.669880923,DV,0.5,5.5857125725,15.2228183947,15.3799345761,5.6336885323,15.3123746181,15.3356298372,14.998089616,15.6936384996,1,15.3711392133,15.2444787468,290DV
141,141,shh_14.5_26_290_FW,FVB,464,14.5,290,15.108,7/24/2014,FW,0,2,0,2,1,1,0_2_2_1,325_0_2_2_1,y,325,290FW,14.5,5/12/2015,FVB,290,FW,3,TRUE,14.5,5.669880923,FW,-0.5,5.2333419002,14.272584701,15.2166985098,5.4821691432,14.8107295721,15.0289683303,14.6337887984,15.4481464419,1,15.1625759777,14.3938106861,290FW
142,142,shh_15.0_12_293_DK,DUHi,180,15,293,15.265,10/23/2014,DK,0,2,0,2,1,1,0_2_2_1,325_0_2_2_1,Y,325,293DK,15,3/13/2014,DUHi,293,DK,5,TRUE,15,5.680172609,DK,0,5.5697434297,15.1930089626,15.399145959,5.6326880619,15.3105070505,15.3428397933,15.0051419968,15.7029440945,1,15.3862193328,15.2209106764,293DK
143,143,shh_15.0_03_294_DK,DUHi,181,15,294,14.353,05/12/15,DK,0,2,0,2,1,1,0_2_2_1,325_0_2_2_1,Y,325,294DK,15,3/13/2014,DUHi,294,DK,5,TRUE,15,5.6835797673,DK,0,5.573150588,15.1993690695,15.4055060658,5.6360952202,15.3168671574,15.349045947,15.0112238114,15.7091943598,1,15.3925807064,15.2272980785,294DK
144,144,shh_15.0_08_294_DK,DUHi,181,15,294,15.194,3/13/2014,DK,0,2,0,2,0,1,0_2_2_1,325_0_2_2_1,-,325,294DK,15,3/13/2014,DUHi,294,DK,5,TRUE,15,5.6835797673,DK,0,5.573150588,15.1993690695,15.4055060658,5.6360952202,15.3168671574,15.349045947,15.0112238114,15.7091943598,1,15.3925807064,15.2272980785,294DK
145,145,shh_14.5_16_310_FW,FVB,465,14.5,310,15.204,3/13/2014,FW,0,2,0,2,1,1,0_2_2_1,325_0_2_2_1,-,325,310FW,14.5,5/12/2015,FVB,310,FW,3,TRUE,14.5,5.7365722975,FW,-0.5,5.3000332747,14.4168197965,15.3609336052,5.5488605177,14.9549646675,15.1729295169,14.7771752491,15.597538788,1,15.3071180242,14.5373752688,310FW
146,146,shh_14.5_17_325_FW,FVB,468,14.5,325,14.492,05/12/15,FW,0,2,0,2,1,1,0_2_2_1,325_0_2_2_1,-,325,325FW,14.5,5/12/2015,FVB,325,FW,3,TRUE,14.5,5.7838251823,FW,-0.5,5.3472861596,14.5190147865,15.4631285953,5.5961134026,15.0571596575,15.2751685647,14.8809429881,15.7037546021,1,15.4092738658,14.639132788,325FW
147,147,shh_14.5_20_332_FS,FVB,456,14.5,332,14.585,05/12/15,FS,0,2,0,2,1,1,0_2_2_1,325_0_2_2_1,y,325,332FS,14.5,4/28/2015,FVB,332,FS,3,TRUE,14.5,5.8051349689,FS,-0.5,5.2888016541,14.392528891,15.5092158011,5.5831116435,15.0290404298,15.2852971566,14.8784496801,15.725382107,1,15.4459976469,14.533307876,332FS
148,148,shh_15.5_11_340_DV,DUHi,226,15.5,340,14.5,4/28/2015,DV,0,2,0,2,1,1,0_2_2_1,325_0_2_2_1,-,325,340DV,15.5,10/23/2014,DUHi,340,DV,5,TRUE,15.5,5.8289456176,DV,0.5,5.7447772671,15.5197427999,15.6768589812,5.7927532269,15.6092990232,15.6304727382,15.2912675749,15.9973761301,1,15.6676757066,15.5398727887,340DV
149,149,shh_14.5_18_340_FW,FVB,471,14.5,340,15.546,10/23/2014,FW,0,2,0,2,1,1,0_2_2_1,325_0_2_2_1,-,325,340FW,14.5,5/12/2015,FVB,340,FW,3,TRUE,14.5,5.8289456176,FW,-0.5,5.3924065949,14.6165978748,15.5607116836,5.6412338378,15.1547427458,15.3723629821,14.9773870714,15.8051388374,1,15.5068227885,14.7365605279,340FW
150,150,shh_14.5_21_344_FS,FVB,458,14.5,344,14.676,05/12/15,FS,0,2,0,2,1,1,0_2_2_1,325_0_2_2_1,y,325,344FS,14.5,4/28/2015,FVB,344,FS,3,TRUE,14.5,5.8406416574,FS,-0.5,5.3243083426,14.4693200898,15.5860069999,5.618618332,15.1058316285,15.3627542786,14.9539086983,15.8053998011,1,15.5229266711,14.6102162252,344FS
151,151,shh_14.5_19_349_FW,FVB,473,14.5,349,14.559,4/28/2015,FW,0,2,0,2,2,1,0_2_2_1,325_0_2_2_1,-,325,349FW,14.5,5/12/2015,FVB,349,FW,3,TRUE,14.5,5.8550719222,FW,-0.5,5.4185328995,14.673101884,15.6172156928,5.6673601424,15.211246755,15.4287772432,15.0329618834,15.8632500821,1,15.5632195029,14.7928213487,349FW
152,152,shh_15.5_17_353_DAC,DUHi,190,15.5,353,14.73,05/12/15,DAC,0,2,0,2,1,1,0_2_2_1,325_0_2_2_1,y,325,353DAC,15.5,4/29/2015,DUHi,353,DAC,4,TRUE,15.5,5.8664680569,DAC,0.5,5.7497523153,15.5290296704,15.746901727,5.816280288,15.6532167427,15.6900466566,15.3415073871,16.0529991766,1,15.7325963228,15.5578033949,353DAC
153,153,shh_14.5_22_353_FS,FVB,459,14.5,353,15.568,4/29/2015,FS,0,2,0,2,2,1,0_2_2_1,325_0_2_2_1,y,325,353FS,14.5,4/28/2015,FVB,353,FS,3,TRUE,14.5,5.8664680569,FS,-0.5,5.3501347421,14.5251754869,15.641862397,5.6444447316,15.1616870256,15.4189206566,15.0098371017,15.8630935808,1,15.5785595915,14.6656378772,353FS
154,154,shh_15.5_12_355_DV,DUHi,227,15.5,355,14.616,4/28/2015,DV,0,2,0,2,1,1,0_2_2_1,325_0_2_2_1,-,325,355DV,15.5,10/23/2014,DUHi,355,DV,5,TRUE,15.5,5.8721177895,DV,0.5,5.787949439,15.6003318425,15.7574480238,5.8359253988,15.6898880658,15.7103253401,15.3719816301,16.0813913554,1,15.7482975923,15.6204291726,355DV
155,155,shh_15.5_01_359_DN,DUHi,209,15.5,359,15.621,10/23/2014,DN,0,2,0,2,0,1,0_2_2_1,325_0_2_2_1,-,325,359DN,15.5,3/12/2014,DUHi,359,DN,4,TRUE,15.5,5.8833223885,DN,0.5,5.6585711639,15.3588227669,15.7783635318,5.7866793619,15.5979610029,15.6807065036,15.3324813305,16.0594717465,1,15.7516056908,15.409622697,359DN
156,156,shh_14.5_24_359_FS,FVB,461,14.5,359,15.402,03/12/14,FS,0,2,0,2,2,1,0_2_2_1,325_0_2_2_1,y,325,359FS,14.5,4/28/2015,FVB,359,FS,3,TRUE,14.5,5.8833223885,FS,-0.5,5.3669890737,14.5616267692,15.6783136793,5.6612990631,15.1981383079,15.4555943805,15.0462197689,15.9015093049,1,15.6149400749,14.7019063036,359FS
157,157,shh_15.5_08_363_DV,DUHi,229,15.5,363,14.647,4/28/2015,DV,0,2,0,2,1,1,0_2_2_1,325_0_2_2_1,Y,325,363DV,15.5,10/23/2014,DUHi,363,DV,5,TRUE,15.5,5.8944028343,DV,0.5,5.8102344838,15.641931103,15.7990472843,5.8582104435,15.7314873263,15.7516387836,15.4121986506,16.1246855373,1,15.7899650845,15.6618953098,363DV
158,158,shh_15.5_13_369_DU,DUHi,221,15.5,369,15.66,10/23/2014,DU,0,2,0,2,1,1,0_2_2_1,325_0_2_2_1,-,325,369DU,15.5,9/24/2014,DUHi,369,DU,4,TRUE,15.5,5.910796644,DU,0.5,6.0410443324,16.0727814382,15.8296494379,5.96680315,15.934196198,15.8764943882,15.5213214317,16.2605343327,1,15.8414359168,16.0345317174,369DU
159,159,shh_15.5_14_371_DU,DUHi,222,15.5,371,16.111,9/24/2014,DU,0,2,0,2,2,1,0_2_2_1,325_0_2_2_1,-,325,371DU,15.5,9/24/2014,DUHi,371,DU,4,TRUE,15.5,5.9162020626,DU,0.5,6.046449751,16.0828716766,15.8397396763,5.9722085686,15.9442864364,15.8865280097,15.5310829712,16.2712842668,1,15.8515780639,16.0446577149,371DU
160,160,shh_14.5_25_373_FS,FVB,463,14.5,373,16.123,9/24/2014,FS,0,2,0,2,2,1,0_2_2_1,325_0_2_2_1,-,325,373FS,14.5,4/28/2015,FVB,373,FS,3,TRUE,14.5,5.9215784196,FS,-0.5,5.4052451048,14.6443640398,15.76105095,5.6995550943,15.2808755786,15.5385906558,15.1279715315,15.9885840387,1,15.6975810632,14.7845741379,373FS
35,35,shh_15.5_10_380_DJ,DUHi,211,15.5,380,15.49,03/14/14,DJ,0,2,0,2,1,1,0_2_2_1,325_0_2_2_1,Y,325,380DJ,15.5,3/12/2014,DUHi,380,DN,4,FALSE,15.5,5.9401712527,DN,0.5,5.7154200282,15.4649419484,15.8844827133,5.8435282262,15.7040801844,15.7861311199,15.4375675326,16.1689606963,1,15.8574635998,15.5152460609,380DN
161,161,shh_15.5_15_399_DN,DUHi,212,15.5,399,14.721,4/28/2015,DN,0,2,0,2,2,1,0_2_2_1,325_0_2_2_1,Y,325,399DN,15.5,3/12/2014,DUHi,399,DN,4,TRUE,15.5,5.9889614169,DN,0.5,5.7642101923,15.5560180385,15.9755588035,5.8923183903,15.7951562746,15.8769098456,15.526852311,16.26210243,1,15.9480987933,15.6060413072,399DN
36,36,shh_16.0_02_402_FE,FVB,582,16,402,16.079,7/31/2014,FE,0,2,0,2,2,1,0_2_2_1,325_0_2_2_1,Y,325,402FE,16,7/31/2014,FVB,402,FF,5,FALSE,16,5.9964520886,FF,1,6.0582022062,16.0565306134,15.9229820973,6.0230046392,15.9804079592,15.9542515335,15.5476559496,16.3737806278,1,15.9216699253,16.0381022054,402FF
38,38,shh_16.0_04_404_FE,FVB,583,16,404,16.084,7/31/2014,FE,0,2,1,2,2,1,0_2_2_1,325_0_2_2_1,-,325,404FE,16,7/31/2014,FVB,404,FF,5,TRUE,16,6.001414878,FF,1,6.0631649956,16.0672637614,15.9337152453,6.0279674285,15.9911411072,15.9650048311,15.5584406699,16.3852334281,1,15.9324889857,16.048848655,404FF
162,162,shh_16.0_04_424_DO,DUHi,235,16,424,15.583,03/12/14,DO,0,2,1,2,2,1,0_2_2_1,325_0_2_2_1,-,325,424DO,16,3/20/2014,DUHi,424,DO,5,TRUE,16,6.0497334552,DO,1,5.9869302813,15.971767304,16.0890013331,6.0227280905,16.0385907006,16.0585753686,15.6955532358,16.4325957668,1,16.0835963305,15.9849276382,424DO
163,163,shh_15.5_02_426_DN,DUHi,214,15.5,426,15.991,3/20/2014,DN,0,2,0,2,1,1,0_2_2_1,325_0_2_2_1,-,325,426DN,15.5,3/12/2014,DUHi,426,DN,4,TRUE,15.5,6.0544393463,DN,0.5,5.8296881217,15.6782450059,16.0977857708,5.9577963197,15.9173832419,15.9985050518,15.6458885133,16.3893139563,1,16.070404287,15.7280232374,426DN
164,164,shh_15.5_16_427_DN,DUHi,215,15.5,427,15.694,03/12/14,DN,0,2,0,2,2,1,0_2_2_1,325_0_2_2_1,y,325,427DN,15.5,3/12/2014,DUHi,427,DN,4,TRUE,15.5,6.0567840132,DN,0.5,5.8320327887,15.6826217712,16.1021625361,5.9601409867,15.9217600072,16.0028110137,15.6500537711,16.3938157091,1,16.074812937,15.7324448547,427DN
165,165,shh_15.5_16_427_DN,DUHi,216,15.5,427,15.694,03/12/14,DN,0,2,0,2,2,1,0_2_2_1,325_0_2_2_1,y,325,427DN,15.5,3/12/2014,DUHi,427,DN,4,TRUE,15.5,6.0567840132,DN,0.5,5.8320327887,15.6826217712,16.1021625361,5.9601409867,15.9217600072,16.0028110137,15.6500537711,16.3938157091,1,16.074812937,15.7324448547,427DN
37,37,shh_16.0_03_437_FE,FVB,586,16,437,16.238,7/31/2014,FE,0,2,0,2,2,1,0_2_2_1,325_0_2_2_1,-,325,437FE,16,7/31/2014,FVB,437,FF,5,FALSE,16,6.0799331951,FF,1,6.1416833127,16.23707728,16.1035287639,6.1064857457,16.1609546258,16.1343932871,15.7243144928,16.564070858,1,16.1017678694,16.2184978392,437FF
166,166,shh_15.5_03_442_DN,DUHi,218,15.5,442,15.693,03/12/14,DN,0,2,0,2,1,1,0_2_2_1,325_0_2_2_1,-,325,442DN,15.5,3/12/2014,DUHi,442,DN,4,TRUE,15.5,6.0913098821,DN,0.5,5.8665586575,15.7470708502,16.1666116151,5.9946668555,15.9862090862,16.0664606757,15.7127959288,16.4598879902,1,16.139111902,15.7966321208,442DN
167,167,shh_16.0_07_452_DO,DUHi,236,16,452,15.691,03/12/14,DO,0,2,0,2,2,1,0_2_2_1,325_0_2_2_1,-,325,452DO,16,3/20/2014,DUHi,452,DO,5,TRUE,16,6.1136821798,DO,1,6.050879006,16.0911397207,16.2083737498,6.0866768151,16.1579631173,16.1775000211,15.8118672359,16.5562745376,1,16.2029461064,16.1034638404,452DO
168,168,shh_16.0_01_455_DO,DUHi,237,16,455,15.751,03/12/14,DO,0,2,0,2,2,1,0_2_2_1,325_0_2_2_1,Y,325,455DO,16,3/20/2014,DUHi,455,DO,5,TRUE,16,6.120297419,DO,1,6.0574942451,16.1034883185,16.2207223476,6.0932920542,16.1703117151,16.1898510725,15.8238143423,16.5691304736,1,16.2152278327,16.1158311361,455DO
39,39,shh_16.0_08_456_DO,DUHi,584,16,456,16.113,3/20/14,DO,0,2,0,2,2,1,0_2_2_1,325_0_2_2_1,-,325,456DO,16,7/31/2014,FVB,406,FF,5,FALSE,16,6.0063531596,FF,1,6.0681032772,16.077943906,15.9443953899,6.0329057102,16.0018212518,15.9756757859,15.568868804,16.396393094,1,15.9428958024,16.0596111919,406FF
34,34,shh_15.5_04_457_DN,DUHi,219,15.5,457,15.807,03/05/14,DN,0,2,0,2,1,1,0_2_2_1,325_0_2_2_1,-,325,457DN,15.5,3/12/2014,DUHi,456,DN,4,FALSE,15.5,6.1224928095,DN,0.5,5.897741585,15.8052796954,16.2248204603,6.025849783,16.0444179314,16.1243403736,15.7692021046,16.519763504,1,16.1971349762,15.8548560238,456DN
169,169,shh_15.5_09_457_DV,DUHi,230,15.5,457,16.102,3/20/2014,DV,0,2,0,2,2,1,0_2_2_1,325_0_2_2_1,-,325,457DV,15.5,10/23/2014,DUHi,457,DV,5,TRUE,15.5,6.1246833909,DV,0.5,6.0405150404,16.0717934143,16.2289095957,6.0884910002,16.1613496377,16.1793109119,15.8281534491,16.5693900441,1,16.2201206451,16.090405046,457DV
170,170,shh_16.0_05_476_DO,DUHi,238,16,476,16.113,3/20/2014,DO,0,2,1,2,2,1,0_2_2_1,325_0_2_2_1,Y,325,476DO,16,3/20/2014,DUHi,476,DO,5,TRUE,16,6.1654178542,DO,1,6.1026146803,16.1877141641,16.3049481932,6.1384124895,16.2545375607,16.2734730018,15.9048271748,16.6564719518,1,16.2992855671,16.1995948592,476DO
171,171,shh_16.0_06_481_DO,DUHi,239,16,481,16.06,10/23/2014,DO,0,2,1,2,2,1,0_2_2_1,325_0_2_2_1,-,325,481DO,16,3/20/2014,DUHi,481,DO,5,TRUE,16,6.1758672701,DO,1,6.1130640962,16.2072199796,16.3244540087,6.1488619053,16.2740433762,16.2928237328,15.923546263,16.6767740449,1,16.3186555873,16.2190219236,481DO
172,172,shh_15.5_05_483_DM,DUHi,206,15.5,483,16.196,3/20/2014,DM,0,2,0,2,2,1,0_2_2_1,325_0_2_2_1,Y,325,483DM,15.5,3/5/2014,DUHi,483,DM,4,TRUE,15.5,6.1800166537,DM,0.5,5.8309600079,15.6806192226,16.3321996197,6.029922296,16.0520200489,16.1792413643,15.8284438955,16.5704844626,1,16.2943601651,15.7646552414,483DM
